{"stats":{"minecraft:picked_up":{"minecraft:wooden_axe":1,"minecraft:birch_log":2,"minecraft:cocoa_beans":3,"minecraft:pumpkin":1,"minecraft:jungle_log":9,"minecraft:salmon":2,"minecraft:redstone":3,"minecraft:dirt":1,"minecraft:wheat_seeds":1,"minecraft:oak_sapling":1,"minecraft:iron_sword":1,"minecraft:white_wool":4,"minecraft:rail":2},"minecraft:custom":{"minecraft:time_since_rest":2945,"minecraft:interact_with_furnace":4,"minecraft:sprint_one_cm":44129,"minecraft:damage_taken":530,"minecraft:walk_one_cm":41255,"minecraft:mob_kills":1,"minecraft:damage_dealt":158,"minecraft:swim_one_cm":6279,"minecraft:interact_with_crafting_table":3,"minecraft:fly_one_cm":63471,"minecraft:open_chest":14,"minecraft:crouch_one_cm":65,"minecraft:play_time":17951,"minecraft:deaths":2,"minecraft:sneak_time":315,"minecraft:walk_under_water_one_cm":252,"minecraft:jump":292,"minecraft:walk_on_water_one_cm":8838,"minecraft:time_since_death":2878,"minecraft:sleep_in_bed":2,"minecraft:total_world_time":17951,"minecraft:climb_one_cm":150,"minecraft:fall_one_cm":10613},"minecraft:killed":{"minecraft:salmon":1},"minecraft:used":{"minecraft:iron_axe":12},"minecraft:mined":{"minecraft:birch_log":2,"minecraft:pumpkin":1,"minecraft:vine":4,"minecraft:jungle_log":9,"minecraft:tall_grass":2,"minecraft:oak_leaves":2},"minecraft:killed_by":{"minecraft:player":2},"minecraft:crafted":{"minecraft:iron_axe":1,"minecraft:crafting_table":1,"minecraft:stick":4,"minecraft:iron_pickaxe":1,"minecraft:birch_planks":8,"minecraft:jungle_planks":8}},"DataVersion":3955}