{"stats":{"minecraft:picked_up":{"minecraft:wooden_axe":1,"minecraft:birch_log":2,"minecraft:cocoa_beans":3,"minecraft:salmon":2,"minecraft:glow_ink_sac":7,"minecraft:crimson_stem":6,"minecraft:jungle_log":16,"minecraft:dirt":2,"minecraft:cooked_mutton":3,"minecraft:bone":7,"minecraft:wheat_seeds":4,"minecraft:diamond_leggings":1,"minecraft:gold_nugget":5,"minecraft:raw_gold":4,"minecraft:warped_stem":6,"minecraft:iron_ingot":1,"minecraft:bamboo":19,"minecraft:iron_sword":1,"minecraft:raw_iron":64,"minecraft:cooked_porkchop":12,"minecraft:pumpkin":1,"minecraft:redstone":3,"minecraft:weeping_vines":1,"minecraft:diamond":49,"minecraft:oak_sapling":1,"minecraft:netherrack":115,"minecraft:obsidian":10,"minecraft:rail":2,"minecraft:white_wool":4,"minecraft:cobblestone":3,"minecraft:diamond_pickaxe":2},"minecraft:custom":{"minecraft:interact_with_furnace":4,"minecraft:mob_kills":1,"minecraft:interact_with_crafting_table":7,"minecraft:time_since_death":21402,"minecraft:sleep_in_bed":2,"minecraft:climb_one_cm":555,"minecraft:time_since_rest":21439,"minecraft:sprint_one_cm":73143,"minecraft:damage_taken":938,"minecraft:walk_one_cm":118885,"minecraft:damage_blocked_by_shield":90,"minecraft:drop":6,"minecraft:damage_dealt":710,"minecraft:swim_one_cm":6279,"minecraft:fly_one_cm":96839,"minecraft:player_kills":1,"minecraft:open_chest":15,"minecraft:crouch_one_cm":1292,"minecraft:play_time":41951,"minecraft:deaths":3,"minecraft:sneak_time":1585,"minecraft:walk_under_water_one_cm":252,"minecraft:jump":560,"minecraft:walk_on_water_one_cm":8838,"minecraft:total_world_time":41951,"minecraft:fall_one_cm":17732},"minecraft:killed":{"minecraft:salmon":1},"minecraft:used":{"minecraft:diamond_boots":1,"minecraft:shield":2,"minecraft:carrot":1,"minecraft:diamond_pickaxe":130,"minecraft:iron_axe":48,"minecraft:diamond_chestplate":1,"minecraft:cobblestone":20,"minecraft:cooked_porkchop":1,"minecraft:diamond_leggings":1},"minecraft:mined":{"minecraft:short_grass":1,"minecraft:jungle_log":16,"minecraft:weeping_vines":1,"minecraft:tall_grass":2,"minecraft:cobblestone":7,"minecraft:crimson_stem":6,"minecraft:weeping_vines_plant":2,"minecraft:warped_nylium":3,"minecraft:birch_log":2,"minecraft:fire":1,"minecraft:pumpkin":1,"minecraft:vine":7,"minecraft:warped_stem":7,"minecraft:netherrack":119,"minecraft:oak_leaves":2},"minecraft:dropped":{"minecraft:diamond_leggings":1,"minecraft:diamond_pickaxe":3,"minecraft:diamond_boots":1,"minecraft:raw_gold":4},"minecraft:killed_by":{"minecraft:player":3},"minecraft:crafted":{"minecraft:crafting_table":1,"minecraft:birch_planks":8,"minecraft:jungle_planks":20,"minecraft:diamond_helmet":1,"minecraft:diamond_leggings":1,"minecraft:diamond_pickaxe":3,"minecraft:iron_axe":1,"minecraft:stick":28,"minecraft:iron_pickaxe":1,"minecraft:diamond_boots":1,"minecraft:diamond_chestplate":1}},"DataVersion":3955}