{"stats":{"minecraft:picked_up":{"minecraft:wooden_axe":1,"minecraft:birch_log":2,"minecraft:cocoa_beans":3,"minecraft:iron_chestplate":2,"minecraft:basalt":15,"minecraft:nether_wart":15,"minecraft:salmon":2,"minecraft:glow_ink_sac":7,"minecraft:crimson_stem":18,"minecraft:jungle_log":16,"minecraft:nether_wart_block":1,"minecraft:dirt":2,"minecraft:iron_leggings":2,"minecraft:cooked_mutton":3,"minecraft:bone":16,"minecraft:wheat_seeds":4,"minecraft:diamond_leggings":1,"minecraft:gold_nugget":32,"minecraft:raw_gold":4,"minecraft:warped_stem":6,"minecraft:stone_pickaxe":1,"minecraft:iron_ingot":1,"minecraft:bamboo":19,"minecraft:iron_sword":1,"minecraft:iron_boots":2,"minecraft:raw_iron":64,"minecraft:cooked_porkchop":12,"minecraft:pumpkin":1,"minecraft:quartz":1,"minecraft:redstone":3,"minecraft:stone_sword":1,"minecraft:weeping_vines":1,"minecraft:diamond":49,"minecraft:coal":2,"minecraft:oak_sapling":1,"minecraft:netherrack":165,"minecraft:obsidian":10,"minecraft:rail":2,"minecraft:white_wool":4,"minecraft:cobblestone":3,"minecraft:diamond_pickaxe":2},"minecraft:custom":{"minecraft:interact_with_furnace":4,"minecraft:mob_kills":3,"minecraft:interact_with_crafting_table":8,"minecraft:time_since_death":45402,"minecraft:sleep_in_bed":2,"minecraft:climb_one_cm":555,"minecraft:time_since_rest":45439,"minecraft:sprint_one_cm":109787,"minecraft:damage_taken":1420,"minecraft:walk_one_cm":220371,"minecraft:damage_blocked_by_shield":90,"minecraft:drop":23,"minecraft:damage_dealt":1134,"minecraft:swim_one_cm":6279,"minecraft:fly_one_cm":123173,"minecraft:player_kills":2,"minecraft:open_chest":15,"minecraft:crouch_one_cm":2011,"minecraft:play_time":65951,"minecraft:deaths":3,"minecraft:sneak_time":1939,"minecraft:walk_under_water_one_cm":252,"minecraft:jump":867,"minecraft:walk_on_water_one_cm":8838,"minecraft:total_world_time":65951,"minecraft:fall_one_cm":27079},"minecraft:killed":{"minecraft:salmon":1,"minecraft:wither_skeleton":2},"minecraft:used":{"minecraft:diamond_boots":1,"minecraft:shield":2,"minecraft:netherrack":102,"minecraft:crafting_table":1,"minecraft:carrot":1,"minecraft:diamond_pickaxe":224,"minecraft:iron_axe":83,"minecraft:diamond_chestplate":1,"minecraft:cobblestone":43,"minecraft:cooked_porkchop":7,"minecraft:diamond_leggings":1},"minecraft:mined":{"minecraft:nether_gold_ore":8,"minecraft:basalt":13,"minecraft:nether_bricks":1,"minecraft:short_grass":1,"minecraft:jungle_log":16,"minecraft:weeping_vines":1,"minecraft:nether_quartz_ore":1,"minecraft:tall_grass":2,"minecraft:cobblestone":7,"minecraft:nether_wart":16,"minecraft:crimson_stem":18,"minecraft:weeping_vines_plant":2,"minecraft:warped_nylium":3,"minecraft:nether_wart_block":1,"minecraft:birch_log":2,"minecraft:fire":1,"minecraft:pumpkin":1,"minecraft:vine":7,"minecraft:warped_stem":7,"minecraft:netherrack":190,"minecraft:oak_leaves":2},"minecraft:killed_by":{"minecraft:player":3},"minecraft:dropped":{"minecraft:stone_axe":1,"minecraft:golden_chestplate":1,"minecraft:ender_pearl":1,"minecraft:diamond_leggings":1,"minecraft:clay_ball":4,"minecraft:iron_boots":2,"minecraft:cooked_mutton":1,"minecraft:iron_chestplate":2,"minecraft:diamond_pickaxe":4,"minecraft:brown_wool":1,"minecraft:iron_leggings":2,"minecraft:diamond_boots":1,"minecraft:stone_pickaxe":2,"minecraft:raw_gold":4,"minecraft:iron_pickaxe":1,"minecraft:bone":7},"minecraft:crafted":{"minecraft:crafting_table":2,"minecraft:birch_planks":8,"minecraft:jungle_planks":20,"minecraft:diamond_helmet":1,"minecraft:diamond_leggings":1,"minecraft:diamond_pickaxe":3,"minecraft:iron_axe":1,"minecraft:stick":28,"minecraft:iron_pickaxe":1,"minecraft:gold_ingot":10,"minecraft:diamond_boots":1,"minecraft:diamond_chestplate":1}},"DataVersion":3955}