{"stats":{"minecraft:picked_up":{"minecraft:wooden_axe":1,"minecraft:birch_log":2,"minecraft:cocoa_beans":3,"minecraft:basalt":6,"minecraft:salmon":2,"minecraft:glow_ink_sac":7,"minecraft:crimson_stem":18,"minecraft:jungle_log":16,"minecraft:nether_wart_block":1,"minecraft:dirt":2,"minecraft:cooked_mutton":3,"minecraft:bone":7,"minecraft:wheat_seeds":4,"minecraft:diamond_leggings":1,"minecraft:gold_nugget":32,"minecraft:raw_gold":4,"minecraft:warped_stem":6,"minecraft:stone_pickaxe":1,"minecraft:iron_ingot":1,"minecraft:bamboo":19,"minecraft:iron_sword":1,"minecraft:raw_iron":64,"minecraft:cooked_porkchop":12,"minecraft:pumpkin":1,"minecraft:quartz":1,"minecraft:redstone":3,"minecraft:weeping_vines":1,"minecraft:diamond":49,"minecraft:oak_sapling":1,"minecraft:netherrack":148,"minecraft:obsidian":10,"minecraft:rail":2,"minecraft:white_wool":4,"minecraft:cobblestone":3,"minecraft:diamond_pickaxe":2},"minecraft:custom":{"minecraft:interact_with_furnace":4,"minecraft:mob_kills":1,"minecraft:interact_with_crafting_table":7,"minecraft:time_since_death":33402,"minecraft:sleep_in_bed":2,"minecraft:climb_one_cm":555,"minecraft:time_since_rest":33439,"minecraft:sprint_one_cm":83606,"minecraft:damage_taken":1256,"minecraft:walk_one_cm":171107,"minecraft:damage_blocked_by_shield":90,"minecraft:drop":7,"minecraft:damage_dealt":714,"minecraft:swim_one_cm":6279,"minecraft:fly_one_cm":110579,"minecraft:player_kills":1,"minecraft:open_chest":15,"minecraft:crouch_one_cm":1533,"minecraft:play_time":53951,"minecraft:deaths":3,"minecraft:sneak_time":1646,"minecraft:walk_under_water_one_cm":252,"minecraft:jump":729,"minecraft:walk_on_water_one_cm":8838,"minecraft:total_world_time":53951,"minecraft:fall_one_cm":23885},"minecraft:killed":{"minecraft:salmon":1},"minecraft:used":{"minecraft:diamond_boots":1,"minecraft:shield":2,"minecraft:netherrack":51,"minecraft:carrot":1,"minecraft:diamond_pickaxe":187,"minecraft:iron_axe":61,"minecraft:diamond_chestplate":1,"minecraft:cobblestone":43,"minecraft:cooked_porkchop":4,"minecraft:diamond_leggings":1},"minecraft:mined":{"minecraft:nether_gold_ore":8,"minecraft:basalt":4,"minecraft:short_grass":1,"minecraft:jungle_log":16,"minecraft:weeping_vines":1,"minecraft:nether_quartz_ore":1,"minecraft:tall_grass":2,"minecraft:cobblestone":7,"minecraft:crimson_stem":18,"minecraft:weeping_vines_plant":2,"minecraft:warped_nylium":3,"minecraft:nether_wart_block":1,"minecraft:birch_log":2,"minecraft:fire":1,"minecraft:pumpkin":1,"minecraft:vine":7,"minecraft:warped_stem":7,"minecraft:netherrack":163,"minecraft:oak_leaves":2},"minecraft:dropped":{"minecraft:diamond_leggings":1,"minecraft:diamond_pickaxe":4,"minecraft:diamond_boots":1,"minecraft:raw_gold":4},"minecraft:killed_by":{"minecraft:player":3},"minecraft:crafted":{"minecraft:crafting_table":1,"minecraft:birch_planks":8,"minecraft:jungle_planks":20,"minecraft:diamond_helmet":1,"minecraft:diamond_leggings":1,"minecraft:diamond_pickaxe":3,"minecraft:iron_axe":1,"minecraft:stick":28,"minecraft:iron_pickaxe":1,"minecraft:diamond_boots":1,"minecraft:diamond_chestplate":1}},"DataVersion":3955}