{"stats":{"minecraft:picked_up":{"minecraft:oak_sapling":1,"minecraft:birch_log":2},"minecraft:custom":{"minecraft:jump":55,"minecraft:time_since_rest":827,"minecraft:damage_dealt":10,"minecraft:walk_on_water_one_cm":3862,"minecraft:sprint_one_cm":13190,"minecraft:play_time":5951,"minecraft:damage_taken":10,"minecraft:time_since_death":5951,"minecraft:walk_one_cm":12046,"minecraft:sleep_in_bed":1,"minecraft:sneak_time":43,"minecraft:total_world_time":5951,"minecraft:fall_one_cm":1047,"minecraft:fly_one_cm":10358,"minecraft:open_chest":3},"minecraft:mined":{"minecraft:birch_log":2,"minecraft:oak_leaves":2},"minecraft:crafted":{"minecraft:birch_planks":8,"minecraft:crafting_table":1}},"DataVersion":3955}