{"stats":{"minecraft:picked_up":{"minecraft:wooden_axe":1,"minecraft:birch_log":2,"minecraft:cocoa_beans":3,"minecraft:raw_iron":64,"minecraft:crimson_stem":6,"minecraft:glow_ink_sac":7,"minecraft:pumpkin":1,"minecraft:jungle_log":16,"minecraft:salmon":2,"minecraft:redstone":3,"minecraft:dirt":2,"minecraft:bone":7,"minecraft:weeping_vines":1,"minecraft:diamond":49,"minecraft:wheat_seeds":4,"minecraft:raw_gold":4,"minecraft:iron_ingot":1,"minecraft:netherrack":1,"minecraft:bamboo":19,"minecraft:oak_sapling":1,"minecraft:obsidian":10,"minecraft:iron_sword":1,"minecraft:white_wool":4,"minecraft:rail":2,"minecraft:diamond_pickaxe":2},"minecraft:custom":{"minecraft:time_since_rest":9439,"minecraft:interact_with_furnace":4,"minecraft:sprint_one_cm":60579,"minecraft:damage_taken":810,"minecraft:walk_one_cm":79887,"minecraft:mob_kills":1,"minecraft:drop":4,"minecraft:damage_dealt":361,"minecraft:player_kills":1,"minecraft:swim_one_cm":6279,"minecraft:interact_with_crafting_table":7,"minecraft:fly_one_cm":90093,"minecraft:open_chest":15,"minecraft:crouch_one_cm":65,"minecraft:play_time":29951,"minecraft:deaths":3,"minecraft:sneak_time":804,"minecraft:walk_under_water_one_cm":252,"minecraft:jump":434,"minecraft:walk_on_water_one_cm":8838,"minecraft:time_since_death":9402,"minecraft:sleep_in_bed":2,"minecraft:total_world_time":29951,"minecraft:climb_one_cm":314,"minecraft:fall_one_cm":15753},"minecraft:killed":{"minecraft:salmon":1},"minecraft:used":{"minecraft:diamond_pickaxe":1,"minecraft:diamond_boots":1,"minecraft:iron_axe":36,"minecraft:diamond_chestplate":1,"minecraft:diamond_leggings":1},"minecraft:mined":{"minecraft:weeping_vines_plant":2,"minecraft:birch_log":2,"minecraft:pumpkin":1,"minecraft:short_grass":1,"minecraft:vine":7,"minecraft:jungle_log":16,"minecraft:weeping_vines":1,"minecraft:tall_grass":2,"minecraft:crimson_stem":6,"minecraft:oak_leaves":2},"minecraft:dropped":{"minecraft:diamond_pickaxe":3,"minecraft:raw_gold":4},"minecraft:killed_by":{"minecraft:player":3},"minecraft:crafted":{"minecraft:diamond_helmet":1,"minecraft:diamond_leggings":1,"minecraft:diamond_pickaxe":3,"minecraft:iron_axe":1,"minecraft:crafting_table":1,"minecraft:stick":28,"minecraft:iron_pickaxe":1,"minecraft:diamond_boots":1,"minecraft:birch_planks":8,"minecraft:diamond_chestplate":1,"minecraft:jungle_planks":20}},"DataVersion":3955}