{"stats":{"minecraft:broken":{"minecraft:iron_boots":1},"minecraft:picked_up":{"minecraft:wooden_axe":1,"minecraft:birch_log":2,"minecraft:cocoa_beans":3,"minecraft:iron_chestplate":2,"minecraft:basalt":19,"minecraft:nether_wart":15,"minecraft:glow_ink_sac":7,"minecraft:crimson_stem":20,"minecraft:jungle_log":16,"minecraft:salmon":2,"minecraft:brown_mushroom":1,"minecraft:red_mushroom":3,"minecraft:gold_block":2,"minecraft:gilded_blackstone":1,"minecraft:nether_wart_block":1,"minecraft:string":2,"minecraft:dirt":2,"minecraft:iron_leggings":2,"minecraft:cooked_mutton":3,"minecraft:bone":36,"minecraft:blackstone":1,"minecraft:cobbled_deepslate":4,"minecraft:wheat_seeds":5,"minecraft:diamond_leggings":1,"minecraft:gold_nugget":51,"minecraft:warped_stem":6,"minecraft:raw_gold":4,"minecraft:stone_pickaxe":1,"minecraft:iron_ingot":1,"minecraft:glass_bottle":1,"minecraft:bamboo":19,"minecraft:chest":2,"minecraft:iron_sword":1,"minecraft:iron_boots":2,"minecraft:raw_iron":64,"minecraft:cooked_porkchop":12,"minecraft:pumpkin":1,"minecraft:quartz":1,"minecraft:jungle_planks":30,"minecraft:polished_blackstone_bricks":7,"minecraft:redstone":3,"minecraft:golden_chestplate":1,"minecraft:stone_sword":1,"minecraft:weeping_vines":1,"minecraft:diamond":49,"minecraft:cracked_polished_blackstone_bricks":3,"minecraft:warped_roots":1,"minecraft:oak_sapling":1,"minecraft:netherrack":344,"minecraft:obsidian":10,"minecraft:coal":2,"minecraft:rail":2,"minecraft:white_wool":4,"minecraft:cobblestone":3,"minecraft:diamond_pickaxe":3},"minecraft:custom":{"minecraft:interact_with_furnace":4,"minecraft:mob_kills":10,"minecraft:interact_with_crafting_table":16,"minecraft:leave_game":2,"minecraft:time_since_death":4294,"minecraft:sleep_in_bed":2,"minecraft:climb_one_cm":555,"minecraft:time_since_rest":4384,"minecraft:sprint_one_cm":168866,"minecraft:damage_taken":3294,"minecraft:walk_one_cm":403909,"minecraft:damage_blocked_by_shield":255,"minecraft:drop":37,"minecraft:damage_dealt":2558,"minecraft:swim_one_cm":7390,"minecraft:fly_one_cm":186594,"minecraft:player_kills":3,"minecraft:open_chest":19,"minecraft:crouch_one_cm":4439,"minecraft:play_time":121771,"minecraft:deaths":8,"minecraft:sneak_time":2819,"minecraft:walk_under_water_one_cm":1204,"minecraft:jump":1441,"minecraft:walk_on_water_one_cm":12163,"minecraft:total_world_time":121771,"minecraft:fall_one_cm":38007},"minecraft:killed":{"minecraft:piglin":4,"minecraft:salmon":1,"minecraft:wither_skeleton":3},"minecraft:used":{"minecraft:crimson_stem":2,"minecraft:stone_sword":9,"minecraft:diamond_boots":1,"minecraft:stone_pickaxe":3,"minecraft:shield":7,"minecraft:netherrack":235,"minecraft:jungle_planks":12,"minecraft:crafting_table":3,"minecraft:carrot":1,"minecraft:diamond_helmet":1,"minecraft:diamond_pickaxe":478,"minecraft:iron_axe":85,"minecraft:iron_boots":1,"minecraft:basalt":14,"minecraft:diamond_chestplate":2,"minecraft:golden_sword":22,"minecraft:beef":4,"minecraft:cobblestone":43,"minecraft:cooked_porkchop":13,"minecraft:diamond_leggings":2},"minecraft:mined":{"minecraft:nether_gold_ore":12,"minecraft:brown_mushroom":1,"minecraft:blackstone":1,"minecraft:basalt":31,"minecraft:nether_bricks":1,"minecraft:short_grass":9,"minecraft:jungle_log":16,"minecraft:cracked_polished_blackstone_bricks":6,"minecraft:weeping_vines":1,"minecraft:tall_grass":2,"minecraft:nether_quartz_ore":1,"minecraft:cobblestone":7,"minecraft:red_mushroom":3,"minecraft:nether_wart":16,"minecraft:crimson_stem":20,"minecraft:polished_blackstone_bricks":10,"minecraft:weeping_vines_plant":2,"minecraft:warped_nylium":3,"minecraft:nether_wart_block":1,"minecraft:birch_log":2,"minecraft:cobbled_deepslate":4,"minecraft:fire":2,"minecraft:pumpkin":1,"minecraft:gold_block":2,"minecraft:vine":7,"minecraft:warped_stem":7,"minecraft:netherrack":391,"minecraft:oak_leaves":2},"minecraft:killed_by":{"minecraft:player":4,"minecraft:piglin_brute":1,"minecraft:drowned":1,"minecraft:magma_cube":1},"minecraft:dropped":{"minecraft:stone_axe":1,"minecraft:brown_mushroom":1,"minecraft:golden_chestplate":3,"minecraft:ender_pearl":1,"minecraft:diamond_leggings":1,"minecraft:iron_helmet":1,"minecraft:clay_ball":4,"minecraft:iron_boots":3,"minecraft:cooked_mutton":3,"minecraft:dirt":1,"minecraft:diamond_pickaxe":4,"minecraft:iron_chestplate":4,"minecraft:brown_wool":1,"minecraft:golden_leggings":1,"minecraft:iron_leggings":3,"minecraft:gilded_blackstone":1,"minecraft:diamond_boots":1,"minecraft:polished_blackstone_bricks":2,"minecraft:stone_pickaxe":2,"minecraft:raw_gold":4,"minecraft:iron_pickaxe":1,"minecraft:quartz":14,"minecraft:bone":7},"minecraft:crafted":{"minecraft:golden_chestplate":1,"minecraft:crafting_table":4,"minecraft:birch_planks":8,"minecraft:jungle_planks":20,"minecraft:diamond_helmet":1,"minecraft:golden_leggings":1,"minecraft:diamond_leggings":1,"minecraft:diamond_pickaxe":3,"minecraft:iron_axe":1,"minecraft:stick":28,"minecraft:iron_pickaxe":1,"minecraft:diamond_boots":1,"minecraft:gold_ingot":35,"minecraft:golden_sword":1,"minecraft:diamond_chestplate":1}},"DataVersion":3955}