{"stats":{"minecraft:broken":{"minecraft:stone_axe":1,"minecraft:stone_sword":1},"minecraft:picked_up":{"minecraft:wooden_axe":1,"minecraft:birch_log":2,"minecraft:crafting_table":4,"minecraft:salmon":2,"minecraft:clay_ball":4,"minecraft:andesite":6,"minecraft:jungle_log":64,"minecraft:leather":6,"minecraft:wooden_pickaxe":1,"minecraft:oak_log":31,"minecraft:dirt":7,"minecraft:bone":2,"minecraft:gold_nugget":63,"minecraft:wheat_seeds":31,"minecraft:cobbled_deepslate":18,"minecraft:oak_boat":3,"minecraft:beef":12,"minecraft:stone_pickaxe":1,"minecraft:bamboo":179,"minecraft:melon_slice":128,"minecraft:sugar_cane":2,"minecraft:furnace":1,"minecraft:stick":1,"minecraft:raw_iron":19,"minecraft:quartz":3,"minecraft:porkchop":10,"minecraft:diorite":2,"minecraft:white_bed":2,"minecraft:carrot":1,"minecraft:golden_chestplate":1,"minecraft:rotten_flesh":23,"minecraft:diamond":2,"minecraft:diamond_boots":1,"minecraft:warped_nylium":1,"minecraft:oak_sapling":1,"minecraft:netherrack":131,"minecraft:mutton":5,"minecraft:coal":8,"minecraft:white_wool":3,"minecraft:cobblestone":105,"minecraft:diamond_pickaxe":1},"minecraft:custom":{"minecraft:interact_with_furnace":17,"minecraft:mob_kills":43,"minecraft:interact_with_crafting_table":18,"minecraft:leave_game":2,"minecraft:time_since_death":13376,"minecraft:sleep_in_bed":5,"minecraft:climb_one_cm":8200,"minecraft:time_since_rest":13466,"minecraft:sprint_one_cm":215093,"minecraft:damage_taken":4009,"minecraft:walk_one_cm":269832,"minecraft:damage_blocked_by_shield":55,"minecraft:drop":35,"minecraft:damage_dealt":6925,"minecraft:swim_one_cm":6766,"minecraft:fly_one_cm":311853,"minecraft:player_kills":1,"minecraft:open_chest":11,"minecraft:crouch_one_cm":2476,"minecraft:play_time":112184,"minecraft:deaths":6,"minecraft:sneak_time":1252,"minecraft:walk_under_water_one_cm":2577,"minecraft:jump":1589,"minecraft:walk_on_water_one_cm":2981,"minecraft:total_world_time":112184,"minecraft:fall_one_cm":52042},"minecraft:killed":{"minecraft:piglin":4,"minecraft:pig":5,"minecraft:salmon":2,"minecraft:creeper":1,"minecraft:sheep":3,"minecraft:skeleton":1,"minecraft:zombie":17,"minecraft:enderman":2,"minecraft:cow":5},"minecraft:used":{"minecraft:cooked_mutton":15,"minecraft:diamond_boots":1,"minecraft:stone_sword":120,"minecraft:stone_pickaxe":188,"minecraft:oak_planks":1,"minecraft:shield":2,"minecraft:wooden_pickaxe":3,"minecraft:iron_sword":8,"minecraft:sugar_cane":2,"minecraft:netherrack":69,"minecraft:rotten_flesh":4,"minecraft:iron_chestplate":1,"minecraft:torch":4,"minecraft:dirt":7,"minecraft:crafting_table":6,"minecraft:white_bed":3,"minecraft:wooden_axe":3,"minecraft:melon_slice":27,"minecraft:iron_pickaxe":94,"minecraft:stone_axe":156,"minecraft:diamond_sword":27,"minecraft:oak_sapling":1,"minecraft:furnace":3,"minecraft:cooked_porkchop":6,"minecraft:oak_boat":3,"minecraft:cooked_beef":3},"minecraft:mined":{"minecraft:nether_gold_ore":17,"minecraft:jungle_leaves":4,"minecraft:clay":1,"minecraft:crafting_table":4,"minecraft:short_grass":223,"minecraft:grass_block":3,"minecraft:melon":27,"minecraft:jungle_log":65,"minecraft:nether_quartz_ore":4,"minecraft:tall_grass":8,"minecraft:sugar_cane":2,"minecraft:diorite":2,"minecraft:warped_nylium":1,"minecraft:furnace":1,"minecraft:birch_log":2,"minecraft:iron_ore":11,"minecraft:andesite":2,"minecraft:oak_log":31,"minecraft:coal_ore":3,"minecraft:vine":13,"minecraft:dirt":4,"minecraft:bamboo":21,"minecraft:stone":108,"minecraft:netherrack":133,"minecraft:oak_leaves":6,"minecraft:fern":59},"minecraft:killed_by":{"minecraft:zombie_villager":2,"minecraft:player":1,"minecraft:spider":1,"minecraft:zombie":2},"minecraft:dropped":{"minecraft:iron_sword":2,"minecraft:stone_axe":1,"minecraft:birch_planks":4,"minecraft:wheat_seeds":4,"minecraft:oak_trapdoor":2,"minecraft:golden_chestplate":1,"minecraft:cobbled_deepslate":18,"minecraft:rotten_flesh":38,"minecraft:iron_boots":1,"minecraft:leather":22,"minecraft:cooked_mutton":6,"minecraft:coal":5,"minecraft:stick":43,"minecraft:shield":1,"minecraft:andesite":2,"minecraft:wooden_axe":3,"minecraft:oak_sapling":1,"minecraft:gold_nugget":7,"minecraft:arrow":4,"minecraft:stone_pickaxe":1,"minecraft:wooden_pickaxe":3,"minecraft:raw_gold":4,"minecraft:bone":7},"minecraft:crafted":{"minecraft:cooked_beef":1,"minecraft:oak_planks":132,"minecraft:diamond_sword":1,"minecraft:cooked_porkchop":6,"minecraft:crafting_table":2,"minecraft:wooden_pickaxe":1,"minecraft:furnace":2,"minecraft:stone_axe":2,"minecraft:cooked_mutton":21,"minecraft:air":0,"minecraft:jungle_planks":44,"minecraft:oak_boat":1,"minecraft:iron_chestplate":1,"minecraft:shield":1,"minecraft:stick":93,"minecraft:iron_ingot":19,"minecraft:stone_pickaxe":2,"minecraft:wooden_axe":1,"minecraft:stone_sword":1,"minecraft:white_bed":1,"minecraft:torch":4}},"DataVersion":3955}