{"stats":{"minecraft:broken":{"minecraft:stone_sword":1,"minecraft:stone_axe":1},"minecraft:picked_up":{"minecraft:wooden_axe":1,"minecraft:crafting_table":7,"minecraft:nether_wart":4,"minecraft:clay_ball":8,"minecraft:brown_mushroom":27,"minecraft:wooden_pickaxe":1,"minecraft:potion":2,"minecraft:golden_sword":1,"minecraft:gold_nugget":117,"minecraft:cobbled_deepslate":18,"minecraft:beef":12,"minecraft:oak_boat":4,"minecraft:sugar_cane":2,"minecraft:melon_slice":128,"minecraft:furnace":1,"minecraft:raw_iron":19,"minecraft:stick":1,"minecraft:porkchop":10,"minecraft:diorite":2,"minecraft:carrot":1,"minecraft:golden_chestplate":1,"minecraft:rotten_flesh":23,"minecraft:weeping_vines":1,"minecraft:nether_bricks":4,"minecraft:diamond_boots":1,"minecraft:blaze_rod":2,"minecraft:mutton":5,"minecraft:white_wool":3,"minecraft:cobblestone":107,"minecraft:birch_log":2,"minecraft:basalt":61,"minecraft:jungle_log":64,"minecraft:andesite":6,"minecraft:salmon":2,"minecraft:brown_wool":1,"minecraft:leather":6,"minecraft:red_mushroom":12,"minecraft:oak_log":31,"minecraft:dirt":8,"minecraft:cooked_mutton":2,"minecraft:bone":3,"minecraft:wheat_seeds":31,"minecraft:stone_pickaxe":1,"minecraft:bamboo":179,"minecraft:quartz":8,"minecraft:white_bed":2,"minecraft:diamond":2,"minecraft:crossbow":1,"minecraft:oak_sapling":1,"minecraft:netherrack":499,"minecraft:warped_nylium":2,"minecraft:coal":8,"minecraft:diamond_pickaxe":2},"minecraft:custom":{"minecraft:mob_kills":62,"minecraft:interact_with_crafting_table":23,"minecraft:leave_game":2,"minecraft:time_since_death":61376,"minecraft:climb_one_cm":8200,"minecraft:sprint_one_cm":321625,"minecraft:walk_one_cm":443277,"minecraft:damage_blocked_by_shield":145,"minecraft:drop":94,"minecraft:play_time":160184,"minecraft:deaths":6,"minecraft:sneak_time":5385,"minecraft:walk_under_water_one_cm":2577,"minecraft:boat_one_cm":656,"minecraft:jump":2210,"minecraft:walk_on_water_one_cm":2981,"minecraft:total_world_time":160184,"minecraft:interact_with_furnace":17,"minecraft:sleep_in_bed":5,"minecraft:time_since_rest":61466,"minecraft:damage_taken":5017,"minecraft:damage_dealt":9123,"minecraft:swim_one_cm":6766,"minecraft:fly_one_cm":410931,"minecraft:player_kills":1,"minecraft:open_chest":16,"minecraft:crouch_one_cm":18528,"minecraft:fall_one_cm":66323},"minecraft:killed":{"minecraft:skeleton":1,"minecraft:magma_cube":12,"minecraft:piglin":8,"minecraft:pig":5,"minecraft:salmon":2,"minecraft:creeper":1,"minecraft:sheep":3,"minecraft:zombie":17,"minecraft:blaze":2,"minecraft:enderman":3,"minecraft:cow":5},"minecraft:used":{"minecraft:stone_sword":120,"minecraft:shield":4,"minecraft:iron_sword":8,"minecraft:rotten_flesh":4,"minecraft:netherrack":329,"minecraft:iron_chestplate":1,"minecraft:torch":4,"minecraft:dirt":8,"minecraft:wooden_axe":3,"minecraft:basalt":7,"minecraft:furnace":3,"minecraft:oak_sapling":1,"minecraft:cooked_beef":9,"minecraft:cooked_mutton":17,"minecraft:diamond_boots":1,"minecraft:stone_pickaxe":195,"minecraft:oak_planks":1,"minecraft:wooden_pickaxe":3,"minecraft:sugar_cane":2,"minecraft:crafting_table":9,"minecraft:mushroom_stew":7,"minecraft:crossbow":1,"minecraft:white_bed":3,"minecraft:diamond_pickaxe":416,"minecraft:melon_slice":27,"minecraft:iron_pickaxe":138,"minecraft:stone_axe":156,"minecraft:diamond_sword":83,"minecraft:potion":1,"minecraft:cooked_porkchop":6,"minecraft:oak_boat":5},"minecraft:mined":{"minecraft:nether_gold_ore":31,"minecraft:jungle_leaves":4,"minecraft:nether_bricks":3,"minecraft:grass_block":3,"minecraft:jungle_log":65,"minecraft:red_mushroom":18,"minecraft:nether_wart":4,"minecraft:furnace":1,"minecraft:iron_ore":11,"minecraft:fire":7,"minecraft:andesite":2,"minecraft:vine":13,"minecraft:bamboo":21,"minecraft:stone":108,"minecraft:brown_mushroom":32,"minecraft:basalt":63,"minecraft:clay":1,"minecraft:crafting_table":7,"minecraft:short_grass":223,"minecraft:melon":27,"minecraft:nether_quartz_ore":9,"minecraft:tall_grass":8,"minecraft:cobblestone":2,"minecraft:sugar_cane":2,"minecraft:diorite":2,"minecraft:warped_nylium":1,"minecraft:birch_log":2,"minecraft:coal_ore":3,"minecraft:oak_log":31,"minecraft:dirt":4,"minecraft:netherrack":508,"minecraft:oak_leaves":6,"minecraft:fern":59},"minecraft:killed_by":{"minecraft:zombie_villager":2,"minecraft:player":1,"minecraft:spider":1,"minecraft:zombie":2},"minecraft:dropped":{"minecraft:iron_sword":2,"minecraft:birch_planks":4,"minecraft:wheat_seeds":4,"minecraft:cooked_beef":2,"minecraft:glass_bottle":1,"minecraft:diamond":2,"minecraft:weeping_vines":1,"minecraft:leather":22,"minecraft:coal":5,"minecraft:mushroom_stew":2,"minecraft:stick":43,"minecraft:wooden_axe":3,"minecraft:brown_wool":1,"minecraft:potion":1,"minecraft:gold_nugget":7,"minecraft:iron_pickaxe":1,"minecraft:bone":7,"minecraft:stone_axe":1,"minecraft:oak_trapdoor":2,"minecraft:golden_chestplate":1,"minecraft:cobbled_deepslate":18,"minecraft:rotten_flesh":38,"minecraft:clay_ball":4,"minecraft:iron_boots":1,"minecraft:cooked_mutton":6,"minecraft:nether_bricks":4,"minecraft:shield":1,"minecraft:diamond_pickaxe":1,"minecraft:andesite":4,"minecraft:oak_sapling":1,"minecraft:golden_sword":1,"minecraft:arrow":4,"minecraft:stone_pickaxe":2,"minecraft:wooden_pickaxe":3,"minecraft:raw_gold":4,"minecraft:quartz":8,"minecraft:netherrack":42},"minecraft:crafted":{"minecraft:oak_planks":132,"minecraft:furnace":2,"minecraft:mushroom_stew":10,"minecraft:cooked_mutton":21,"minecraft:stone_pickaxe":2,"minecraft:cooked_beef":1,"minecraft:diamond_sword":1,"minecraft:cooked_porkchop":6,"minecraft:crafting_table":2,"minecraft:wooden_pickaxe":1,"minecraft:bowl":4,"minecraft:stone_axe":2,"minecraft:air":0,"minecraft:jungle_planks":44,"minecraft:oak_boat":1,"minecraft:iron_chestplate":1,"minecraft:shield":1,"minecraft:stick":93,"minecraft:iron_ingot":19,"minecraft:wooden_axe":1,"minecraft:stone_sword":1,"minecraft:white_bed":1,"minecraft:torch":4}},"DataVersion":3955}