{"stats":{"minecraft:killed":{"minecraft:pig":5,"minecraft:salmon":2,"minecraft:creeper":1,"minecraft:sheep":3,"minecraft:skeleton":1,"minecraft:zombie":14,"minecraft:cow":5},"minecraft:crafted":{"minecraft:oak_planks":24,"minecraft:cooked_porkchop":6,"minecraft:crafting_table":1,"minecraft:wooden_pickaxe":1,"minecraft:furnace":1,"minecraft:stone_axe":1,"minecraft:cooked_mutton":5,"minecraft:air":0,"minecraft:jungle_planks":16,"minecraft:stick":81,"minecraft:iron_ingot":9,"minecraft:stone_pickaxe":1,"minecraft:stone_sword":1,"minecraft:white_bed":1,"minecraft:torch":4},"minecraft:mined":{"minecraft:jungle_leaves":3,"minecraft:clay":1,"minecraft:crafting_table":3,"minecraft:short_grass":214,"minecraft:grass_block":1,"minecraft:melon":27,"minecraft:jungle_log":57,"minecraft:tall_grass":8,"minecraft:sugar_cane":2,"minecraft:diorite":2,"minecraft:furnace":1,"minecraft:iron_ore":11,"minecraft:andesite":1,"minecraft:oak_log":6,"minecraft:coal_ore":3,"minecraft:vine":12,"minecraft:dirt":1,"minecraft:bamboo":21,"minecraft:stone":84,"minecraft:oak_leaves":5,"minecraft:fern":59},"minecraft:used":{"minecraft:cooked_mutton":5,"minecraft:stone_sword":120,"minecraft:stone_pickaxe":99,"minecraft:wooden_pickaxe":3,"minecraft:sugar_cane":2,"minecraft:torch":3,"minecraft:dirt":2,"minecraft:crafting_table":4,"minecraft:white_bed":2,"minecraft:melon_slice":27,"minecraft:stone_axe":124,"minecraft:furnace":2,"minecraft:cooked_porkchop":6},"minecraft:dropped":{"minecraft:wheat_seeds":1,"minecraft:wooden_pickaxe":2},"minecraft:custom":{"minecraft:interact_with_furnace":6,"minecraft:mob_kills":32,"minecraft:interact_with_crafting_table":6,"minecraft:leave_game":2,"minecraft:time_since_death":20601,"minecraft:sleep_in_bed":4,"minecraft:climb_one_cm":6206,"minecraft:time_since_rest":6903,"minecraft:sprint_one_cm":111748,"minecraft:damage_taken":1577,"minecraft:walk_one_cm":141171,"minecraft:drop":3,"minecraft:damage_dealt":4217,"minecraft:swim_one_cm":3220,"minecraft:fly_one_cm":134605,"minecraft:crouch_one_cm":424,"minecraft:play_time":64223,"minecraft:deaths":1,"minecraft:sneak_time":212,"minecraft:walk_under_water_one_cm":1278,"minecraft:jump":692,"minecraft:walk_on_water_one_cm":1770,"minecraft:total_world_time":64223,"minecraft:fall_one_cm":20848},"minecraft:broken":{"minecraft:stone_sword":1},"minecraft:picked_up":{"minecraft:crafting_table":3,"minecraft:salmon":2,"minecraft:clay_ball":4,"minecraft:jungle_log":57,"minecraft:andesite":1,"minecraft:leather":6,"minecraft:wooden_pickaxe":1,"minecraft:oak_log":6,"minecraft:dirt":2,"minecraft:bone":2,"minecraft:wheat_seeds":31,"minecraft:beef":12,"minecraft:bamboo":179,"minecraft:melon_slice":128,"minecraft:sugar_cane":2,"minecraft:furnace":1,"minecraft:stick":1,"minecraft:raw_iron":9,"minecraft:porkchop":10,"minecraft:diorite":2,"minecraft:white_bed":1,"minecraft:carrot":1,"minecraft:rotten_flesh":16,"minecraft:mutton":5,"minecraft:coal":3,"minecraft:white_wool":3,"minecraft:cobblestone":81},"minecraft:killed_by":{"minecraft:zombie":1}},"DataVersion":3955}