{"stats":{"minecraft:crafted":{"minecraft:cooked_beef":3,"minecraft:oak_planks":16,"minecraft:crafting_table":1,"minecraft:stick":16,"minecraft:cooked_chicken":2,"minecraft:wooden_pickaxe":1,"minecraft:stone_pickaxe":2,"minecraft:furnace":1,"minecraft:torch":24,"minecraft:stone_axe":1,"minecraft:cooked_mutton":5,"minecraft:air":0},"minecraft:used":{"minecraft:cooked_mutton":1,"minecraft:apple":1,"minecraft:stone_pickaxe":180,"minecraft:wooden_pickaxe":3,"minecraft:cooked_chicken":2,"minecraft:stone_axe":10,"minecraft:torch":4,"minecraft:crafting_table":3,"minecraft:furnace":1,"minecraft:egg":1,"minecraft:cooked_beef":1},"minecraft:custom":{"minecraft:time_since_rest":19841,"minecraft:interact_with_furnace":10,"minecraft:sprint_one_cm":36384,"minecraft:damage_taken":250,"minecraft:walk_one_cm":47296,"minecraft:mob_kills":7,"minecraft:damage_dealt":500,"minecraft:swim_one_cm":1415,"minecraft:interact_with_crafting_table":10,"minecraft:fly_one_cm":55223,"minecraft:crouch_one_cm":504,"minecraft:play_time":19841,"minecraft:sneak_time":266,"minecraft:walk_under_water_one_cm":1344,"minecraft:jump":420,"minecraft:walk_on_water_one_cm":1907,"minecraft:time_since_death":19841,"minecraft:total_world_time":19841,"minecraft:fall_one_cm":11386},"minecraft:broken":{"minecraft:stone_pickaxe":1},"minecraft:killed":{"minecraft:sheep":4,"minecraft:chicken":2,"minecraft:cow":1},"minecraft:picked_up":{"minecraft:raw_iron":2,"minecraft:crafting_table":3,"minecraft:magma_block":5,"minecraft:chicken":2,"minecraft:feather":2,"minecraft:brown_wool":1,"minecraft:oak_log":4,"minecraft:dirt":16,"minecraft:cooked_mutton":2,"minecraft:apple":1,"minecraft:beef":3,"minecraft:oak_sapling":1,"minecraft:netherrack":63,"minecraft:mutton":7,"minecraft:coal":79,"minecraft:furnace":1,"minecraft:white_wool":3,"minecraft:cobblestone":29,"minecraft:egg":1},"minecraft:mined":{"minecraft:magma_block":5,"minecraft:furnace":1,"minecraft:iron_ore":2,"minecraft:crafting_table":3,"minecraft:oak_log":4,"minecraft:coal_ore":80,"minecraft:stone":29,"minecraft:netherrack":66,"minecraft:oak_leaves":2}},"DataVersion":3953}