{"stats":{"minecraft:crafted":{"minecraft:cooked_beef":13,"minecraft:oak_planks":100,"minecraft:cooked_porkchop":3,"minecraft:diamond_axe":1,"minecraft:crafting_table":2,"minecraft:wooden_pickaxe":2,"minecraft:cooked_chicken":2,"minecraft:furnace":3,"minecraft:stone_axe":2,"minecraft:cooked_mutton":19,"minecraft:air":0,"minecraft:diamond_pickaxe":1,"minecraft:shield":1,"minecraft:stick":44,"minecraft:iron_ingot":4,"minecraft:iron_pickaxe":1,"minecraft:stone_pickaxe":4,"minecraft:torch":72,"minecraft:diamond_chestplate":1},"minecraft:used":{"minecraft:cooked_mutton":11,"minecraft:stone_pickaxe":362,"minecraft:shield":18,"minecraft:wooden_pickaxe":9,"minecraft:diamond_axe":28,"minecraft:cooked_chicken":2,"minecraft:white_wool":12,"minecraft:torch":49,"minecraft:crafting_table":9,"minecraft:diamond_pickaxe":48,"minecraft:oak_log":1,"minecraft:black_wool":1,"minecraft:apple":1,"minecraft:iron_pickaxe":56,"minecraft:diamond_chestplate":1,"minecraft:stone_axe":85,"minecraft:cobblestone":37,"minecraft:magma_block":5,"minecraft:beef":1,"minecraft:furnace":4,"minecraft:egg":2,"minecraft:cooked_beef":6},"minecraft:custom":{"minecraft:interact_with_furnace":25,"minecraft:mob_kills":58,"minecraft:interact_with_crafting_table":20,"minecraft:leave_game":1,"minecraft:time_since_death":18619,"minecraft:sleep_in_bed":1,"minecraft:time_since_rest":18687,"minecraft:damage_blocked_by_shield":470,"minecraft:sprint_one_cm":150735,"minecraft:damage_taken":3122,"minecraft:walk_one_cm":245618,"minecraft:drop":7,"minecraft:damage_dealt":6760,"minecraft:swim_one_cm":139616,"minecraft:talked_to_villager":1,"minecraft:fly_one_cm":197269,"minecraft:crouch_one_cm":4446,"minecraft:play_time":89846,"minecraft:deaths":6,"minecraft:sneak_time":4424,"minecraft:walk_under_water_one_cm":37954,"minecraft:jump":1387,"minecraft:walk_on_water_one_cm":24918,"minecraft:total_world_time":89846,"minecraft:fall_one_cm":38558},"minecraft:broken":{"minecraft:stone_pickaxe":2},"minecraft:dropped":{"minecraft:stone_axe":1,"minecraft:wheat_seeds":1,"minecraft:stick":2,"minecraft:dirt":2,"minecraft:sunflower":1,"minecraft:stone_pickaxe":1,"minecraft:wooden_pickaxe":1},"minecraft:killed_by":{"minecraft:creeper":1},"minecraft:killed":{"minecraft:pig":1,"minecraft:salmon":8,"minecraft:spider":1,"minecraft:wandering_trader":1,"minecraft:skeleton":5,"minecraft:sheep":15,"minecraft:trader_llama":1,"minecraft:zombie":14,"minecraft:chicken":2,"minecraft:cow":10},"minecraft:picked_up":{"minecraft:magma_block":9,"minecraft:crafting_table":10,"minecraft:feather":2,"minecraft:cooked_beef":7,"minecraft:chicken":2,"minecraft:salmon":10,"minecraft:brown_wool":1,"minecraft:leather":24,"minecraft:lead":4,"minecraft:oak_stairs":2,"minecraft:oak_log":26,"minecraft:string":2,"minecraft:dirt":20,"minecraft:cooked_mutton":10,"minecraft:bone":4,"minecraft:apple":1,"minecraft:bow":1,"minecraft:wheat_seeds":1,"minecraft:cobbled_deepslate":77,"minecraft:beef":28,"minecraft:stone_pickaxe":1,"minecraft:oak_planks":52,"minecraft:egg":2,"minecraft:furnace":4,"minecraft:stick":2,"minecraft:raw_iron":25,"minecraft:cooked_porkchop":3,"minecraft:torch":26,"minecraft:porkchop":3,"minecraft:spider_eye":1,"minecraft:arrow":7,"minecraft:rotten_flesh":17,"minecraft:diamond":21,"minecraft:stone_axe":1,"minecraft:oak_sapling":2,"minecraft:netherrack":63,"minecraft:black_wool":1,"minecraft:mutton":21,"minecraft:coal":214,"minecraft:white_wool":15,"minecraft:cobblestone":206,"minecraft:sunflower":1},"minecraft:mined":{"minecraft:deepslate_diamond_ore":21,"minecraft:crafting_table":9,"minecraft:short_grass":7,"minecraft:grass_block":1,"minecraft:cobblestone":6,"minecraft:tall_grass":2,"minecraft:oak_planks":1,"minecraft:wall_torch":1,"minecraft:magma_block":9,"minecraft:furnace":4,"minecraft:iron_ore":18,"minecraft:deepslate_iron_ore":3,"minecraft:coal_ore":134,"minecraft:oak_log":26,"minecraft:dirt_path":1,"minecraft:oak_stairs":2,"minecraft:sunflower":1,"minecraft:stone":137,"minecraft:deepslate":77,"minecraft:netherrack":66,"minecraft:white_wool":2,"minecraft:oak_leaves":21}},"DataVersion":3953}