{"stats":{"minecraft:crafted":{"minecraft:cooked_beef":3,"minecraft:oak_planks":64,"minecraft:crafting_table":2,"minecraft:stick":24,"minecraft:cooked_chicken":2,"minecraft:wooden_pickaxe":2,"minecraft:stone_pickaxe":3,"minecraft:furnace":1,"minecraft:torch":24,"minecraft:stone_axe":2,"minecraft:cooked_mutton":5,"minecraft:air":0},"minecraft:used":{"minecraft:cooked_mutton":1,"minecraft:apple":1,"minecraft:stone_pickaxe":198,"minecraft:wooden_pickaxe":9,"minecraft:cooked_chicken":2,"minecraft:stone_axe":44,"minecraft:torch":4,"minecraft:magma_block":5,"minecraft:beef":1,"minecraft:crafting_table":4,"minecraft:furnace":1,"minecraft:egg":2,"minecraft:cooked_beef":1},"minecraft:custom":{"minecraft:time_since_rest":11389,"minecraft:interact_with_furnace":10,"minecraft:sprint_one_cm":87695,"minecraft:damage_taken":1545,"minecraft:walk_one_cm":83174,"minecraft:mob_kills":33,"minecraft:drop":1,"minecraft:damage_dealt":2330,"minecraft:swim_one_cm":139199,"minecraft:interact_with_crafting_table":13,"minecraft:fly_one_cm":126840,"minecraft:crouch_one_cm":2189,"minecraft:play_time":43841,"minecraft:deaths":5,"minecraft:sneak_time":3472,"minecraft:walk_under_water_one_cm":34469,"minecraft:jump":832,"minecraft:walk_on_water_one_cm":16331,"minecraft:time_since_death":11357,"minecraft:total_world_time":43841,"minecraft:fall_one_cm":22804},"minecraft:broken":{"minecraft:stone_pickaxe":1},"minecraft:dropped":{"minecraft:wooden_pickaxe":1},"minecraft:killed_by":{"minecraft:creeper":1},"minecraft:killed":{"minecraft:sheep":15,"minecraft:pig":1,"minecraft:chicken":2,"minecraft:salmon":8,"minecraft:cow":7},"minecraft:picked_up":{"minecraft:raw_iron":14,"minecraft:crafting_table":4,"minecraft:magma_block":9,"minecraft:chicken":2,"minecraft:feather":2,"minecraft:salmon":8,"minecraft:leather":7,"minecraft:brown_wool":1,"minecraft:porkchop":3,"minecraft:oak_log":20,"minecraft:dirt":16,"minecraft:cooked_mutton":2,"minecraft:apple":1,"minecraft:wheat_seeds":1,"minecraft:beef":14,"minecraft:sunflower":1,"minecraft:black_wool":1,"minecraft:oak_sapling":2,"minecraft:netherrack":63,"minecraft:mutton":21,"minecraft:coal":79,"minecraft:furnace":1,"minecraft:white_wool":13,"minecraft:cobblestone":37,"minecraft:egg":2},"minecraft:mined":{"minecraft:magma_block":9,"minecraft:furnace":1,"minecraft:iron_ore":14,"minecraft:crafting_table":4,"minecraft:short_grass":5,"minecraft:oak_log":20,"minecraft:coal_ore":80,"minecraft:sunflower":1,"minecraft:tall_grass":2,"minecraft:stone":37,"minecraft:netherrack":66,"minecraft:oak_leaves":21}},"DataVersion":3953}