{"stats":{"minecraft:mined":{"minecraft:deepslate_diamond_ore":36,"minecraft:crafting_table":10,"minecraft:torch":3,"minecraft:short_grass":12,"minecraft:grass_block":1,"minecraft:tall_grass":2,"minecraft:cobblestone":12,"minecraft:oak_planks":1,"minecraft:wall_torch":5,"minecraft:magma_block":9,"minecraft:furnace":4,"minecraft:iron_ore":21,"minecraft:gold_block":1,"minecraft:coal_ore":134,"minecraft:oak_log":42,"minecraft:deepslate_iron_ore":13,"minecraft:dirt_path":1,"minecraft:oak_stairs":2,"minecraft:sunflower":1,"minecraft:stone":143,"minecraft:netherrack":66,"minecraft:white_wool":2,"minecraft:oak_leaves":24,"minecraft:deepslate":113},"minecraft:custom":{"minecraft:interact_with_furnace":25,"minecraft:mob_kills":85,"minecraft:interact_with_crafting_table":21,"minecraft:leave_game":1,"minecraft:time_since_death":74,"minecraft:sleep_in_bed":1,"minecraft:time_since_rest":184,"minecraft:sprint_one_cm":263891,"minecraft:damage_taken":4096,"minecraft:walk_one_cm":333204,"minecraft:damage_blocked_by_shield":1406,"minecraft:drop":7,"minecraft:damage_dealt":11513,"minecraft:swim_one_cm":158361,"minecraft:fly_one_cm":336038,"minecraft:talked_to_villager":1,"minecraft:open_chest":1,"minecraft:crouch_one_cm":5200,"minecraft:play_time":120010,"minecraft:sneak_time":4647,"minecraft:deaths":7,"minecraft:walk_under_water_one_cm":43009,"minecraft:jump":2300,"minecraft:walk_on_water_one_cm":42704,"minecraft:fall_one_cm":58511,"minecraft:total_world_time":120010},"minecraft:broken":{"minecraft:stone_pickaxe":2},"minecraft:used":{"minecraft:cooked_mutton":15,"minecraft:stone_pickaxe":362,"minecraft:wooden_pickaxe":9,"minecraft:shield":48,"minecraft:diamond_axe":113,"minecraft:cooked_chicken":2,"minecraft:white_wool":12,"minecraft:torch":132,"minecraft:dirt":5,"minecraft:crafting_table":10,"minecraft:tuff":1,"minecraft:diamond_pickaxe":126,"minecraft:oak_log":1,"minecraft:black_wool":1,"minecraft:apple":1,"minecraft:iron_pickaxe":56,"minecraft:magma_block":5,"minecraft:cobblestone":70,"minecraft:diamond_chestplate":1,"minecraft:stone_axe":85,"minecraft:bow":5,"minecraft:beef":1,"minecraft:furnace":4,"minecraft:cooked_porkchop":2,"minecraft:egg":2,"minecraft:cooked_beef":11},"minecraft:dropped":{"minecraft:stone_axe":1,"minecraft:wheat_seeds":1,"minecraft:stick":2,"minecraft:dirt":2,"minecraft:sunflower":1,"minecraft:stone_pickaxe":1,"minecraft:wooden_pickaxe":1},"minecraft:picked_up":{"minecraft:crafting_table":11,"minecraft:magma_block":9,"minecraft:feather":2,"minecraft:cooked_beef":7,"minecraft:chicken":2,"minecraft:andesite":6,"minecraft:salmon":10,"minecraft:brown_wool":1,"minecraft:leather":29,"minecraft:lead":4,"minecraft:oak_stairs":2,"minecraft:gold_block":1,"minecraft:tuff":1,"minecraft:oak_log":42,"minecraft:dirt":25,"minecraft:string":8,"minecraft:cooked_mutton":10,"minecraft:bone":13,"minecraft:apple":1,"minecraft:bow":1,"minecraft:wheat_seeds":1,"minecraft:cobbled_deepslate":114,"minecraft:stone_pickaxe":1,"minecraft:beef":38,"minecraft:oak_planks":52,"minecraft:furnace":4,"minecraft:egg":2,"minecraft:stick":2,"minecraft:raw_iron":38,"minecraft:cooked_porkchop":3,"minecraft:torch":32,"minecraft:porkchop":6,"minecraft:spider_eye":1,"minecraft:arrow":13,"minecraft:rotten_flesh":26,"minecraft:diamond":36,"minecraft:stone_axe":1,"minecraft:gray_wool":1,"minecraft:netherrack":63,"minecraft:oak_sapling":2,"minecraft:black_wool":1,"minecraft:mutton":27,"minecraft:coal":214,"minecraft:white_wool":17,"minecraft:cobblestone":218,"minecraft:sunflower":1},"minecraft:crafted":{"minecraft:cooked_beef":13,"minecraft:oak_planks":100,"minecraft:cooked_porkchop":3,"minecraft:diamond_axe":1,"minecraft:crafting_table":2,"minecraft:wooden_pickaxe":2,"minecraft:cooked_chicken":2,"minecraft:furnace":3,"minecraft:stone_axe":2,"minecraft:cooked_mutton":19,"minecraft:air":0,"minecraft:diamond_helmet":1,"minecraft:diamond_leggings":1,"minecraft:diamond_pickaxe":1,"minecraft:shield":1,"minecraft:stick":64,"minecraft:iron_ingot":4,"minecraft:iron_pickaxe":1,"minecraft:stone_pickaxe":4,"minecraft:diamond_boots":1,"minecraft:torch":152,"minecraft:diamond_chestplate":1},"minecraft:killed_by":{"minecraft:creeper":2},"minecraft:killed":{"minecraft:pig":2,"minecraft:zombie_villager":1,"minecraft:salmon":8,"minecraft:spider":3,"minecraft:wandering_trader":1,"minecraft:skeleton":12,"minecraft:sheep":19,"minecraft:trader_llama":1,"minecraft:zombie":20,"minecraft:chicken":2,"minecraft:cow":15}},"DataVersion":3953}