{"stats":{"minecraft:crafted":{"minecraft:cooked_beef":13,"minecraft:oak_planks":100,"minecraft:cooked_porkchop":3,"minecraft:crafting_table":2,"minecraft:wooden_pickaxe":2,"minecraft:cooked_chicken":2,"minecraft:furnace":2,"minecraft:stone_axe":2,"minecraft:cooked_mutton":19,"minecraft:air":0,"minecraft:stick":24,"minecraft:stone_pickaxe":3,"minecraft:torch":24},"minecraft:used":{"minecraft:cooked_mutton":2,"minecraft:stone_pickaxe":208,"minecraft:wooden_pickaxe":9,"minecraft:cooked_chicken":2,"minecraft:white_wool":12,"minecraft:torch":4,"minecraft:crafting_table":5,"minecraft:oak_log":1,"minecraft:black_wool":1,"minecraft:apple":1,"minecraft:stone_axe":65,"minecraft:magma_block":5,"minecraft:beef":1,"minecraft:furnace":2,"minecraft:egg":2,"minecraft:cooked_beef":2},"minecraft:custom":{"minecraft:interact_with_furnace":20,"minecraft:mob_kills":37,"minecraft:interact_with_crafting_table":14,"minecraft:time_since_death":23357,"minecraft:sleep_in_bed":1,"minecraft:time_since_rest":9755,"minecraft:sprint_one_cm":93872,"minecraft:damage_taken":1770,"minecraft:walk_one_cm":133442,"minecraft:drop":3,"minecraft:damage_dealt":3029,"minecraft:swim_one_cm":139199,"minecraft:fly_one_cm":139631,"minecraft:crouch_one_cm":2653,"minecraft:play_time":55841,"minecraft:deaths":5,"minecraft:sneak_time":3611,"minecraft:walk_under_water_one_cm":35496,"minecraft:jump":906,"minecraft:walk_on_water_one_cm":17801,"minecraft:total_world_time":55841,"minecraft:fall_one_cm":23512},"minecraft:broken":{"minecraft:stone_pickaxe":1},"minecraft:dropped":{"minecraft:wheat_seeds":1,"minecraft:sunflower":1,"minecraft:wooden_pickaxe":1},"minecraft:killed_by":{"minecraft:creeper":1},"minecraft:killed":{"minecraft:pig":1,"minecraft:salmon":8,"minecraft:sheep":15,"minecraft:zombie":3,"minecraft:chicken":2,"minecraft:cow":8},"minecraft:picked_up":{"minecraft:magma_block":9,"minecraft:crafting_table":5,"minecraft:feather":2,"minecraft:chicken":2,"minecraft:salmon":8,"minecraft:brown_wool":1,"minecraft:leather":8,"minecraft:oak_stairs":2,"minecraft:oak_log":26,"minecraft:dirt":18,"minecraft:cooked_mutton":2,"minecraft:apple":1,"minecraft:wheat_seeds":1,"minecraft:beef":16,"minecraft:oak_planks":1,"minecraft:egg":2,"minecraft:furnace":2,"minecraft:raw_iron":14,"minecraft:porkchop":3,"minecraft:rotten_flesh":1,"minecraft:oak_sapling":2,"minecraft:netherrack":63,"minecraft:black_wool":1,"minecraft:mutton":21,"minecraft:coal":79,"minecraft:white_wool":15,"minecraft:cobblestone":46,"minecraft:sunflower":1},"minecraft:mined":{"minecraft:crafting_table":5,"minecraft:short_grass":7,"minecraft:grass_block":1,"minecraft:tall_grass":2,"minecraft:oak_planks":1,"minecraft:magma_block":9,"minecraft:furnace":2,"minecraft:iron_ore":14,"minecraft:coal_ore":80,"minecraft:oak_log":26,"minecraft:dirt_path":1,"minecraft:oak_stairs":2,"minecraft:sunflower":1,"minecraft:stone":46,"minecraft:netherrack":66,"minecraft:white_wool":2,"minecraft:oak_leaves":21}},"DataVersion":3953}