{"stats":{"minecraft:crafted":{"minecraft:cooked_beef":13,"minecraft:oak_planks":100,"minecraft:cooked_porkchop":3,"minecraft:crafting_table":2,"minecraft:wooden_pickaxe":2,"minecraft:cooked_chicken":2,"minecraft:furnace":2,"minecraft:stone_axe":2,"minecraft:cooked_mutton":19,"minecraft:air":0,"minecraft:stick":32,"minecraft:stone_pickaxe":3,"minecraft:torch":64},"minecraft:used":{"minecraft:cooked_mutton":5,"minecraft:stone_pickaxe":314,"minecraft:wooden_pickaxe":9,"minecraft:cooked_chicken":2,"minecraft:white_wool":12,"minecraft:torch":15,"minecraft:crafting_table":5,"minecraft:oak_log":1,"minecraft:black_wool":1,"minecraft:apple":1,"minecraft:stone_axe":80,"minecraft:magma_block":5,"minecraft:beef":1,"minecraft:furnace":2,"minecraft:egg":2,"minecraft:cooked_beef":4},"minecraft:custom":{"minecraft:interact_with_furnace":20,"minecraft:mob_kills":44,"minecraft:interact_with_crafting_table":14,"minecraft:time_since_death":35357,"minecraft:sleep_in_bed":1,"minecraft:time_since_rest":21755,"minecraft:sprint_one_cm":117649,"minecraft:damage_taken":2151,"minecraft:walk_one_cm":167503,"minecraft:drop":3,"minecraft:damage_dealt":4300,"minecraft:swim_one_cm":139199,"minecraft:talked_to_villager":1,"minecraft:fly_one_cm":165075,"minecraft:crouch_one_cm":3561,"minecraft:play_time":67841,"minecraft:deaths":5,"minecraft:sneak_time":3940,"minecraft:walk_under_water_one_cm":35496,"minecraft:jump":1077,"minecraft:walk_on_water_one_cm":19959,"minecraft:total_world_time":67841,"minecraft:fall_one_cm":27092},"minecraft:broken":{"minecraft:stone_pickaxe":1},"minecraft:dropped":{"minecraft:wheat_seeds":1,"minecraft:sunflower":1,"minecraft:wooden_pickaxe":1},"minecraft:killed_by":{"minecraft:creeper":1},"minecraft:killed":{"minecraft:pig":1,"minecraft:salmon":8,"minecraft:wandering_trader":1,"minecraft:sheep":15,"minecraft:trader_llama":1,"minecraft:zombie":6,"minecraft:chicken":2,"minecraft:cow":10},"minecraft:picked_up":{"minecraft:magma_block":9,"minecraft:crafting_table":5,"minecraft:feather":2,"minecraft:chicken":2,"minecraft:salmon":8,"minecraft:brown_wool":1,"minecraft:leather":12,"minecraft:lead":2,"minecraft:oak_stairs":2,"minecraft:oak_log":26,"minecraft:dirt":18,"minecraft:cooked_mutton":2,"minecraft:apple":1,"minecraft:wheat_seeds":1,"minecraft:beef":21,"minecraft:oak_planks":1,"minecraft:egg":2,"minecraft:furnace":2,"minecraft:raw_iron":15,"minecraft:porkchop":3,"minecraft:rotten_flesh":4,"minecraft:oak_sapling":2,"minecraft:netherrack":63,"minecraft:black_wool":1,"minecraft:mutton":21,"minecraft:coal":118,"minecraft:white_wool":15,"minecraft:cobblestone":103,"minecraft:sunflower":1},"minecraft:mined":{"minecraft:crafting_table":5,"minecraft:short_grass":7,"minecraft:grass_block":1,"minecraft:tall_grass":2,"minecraft:oak_planks":1,"minecraft:wall_torch":1,"minecraft:magma_block":9,"minecraft:furnace":2,"minecraft:iron_ore":15,"minecraft:coal_ore":119,"minecraft:oak_log":26,"minecraft:dirt_path":1,"minecraft:oak_stairs":2,"minecraft:sunflower":1,"minecraft:stone":112,"minecraft:netherrack":66,"minecraft:white_wool":2,"minecraft:oak_leaves":21}},"DataVersion":3953}