{"stats":{"minecraft:crafted":{"minecraft:cooked_beef":13,"minecraft:oak_planks":100,"minecraft:cooked_porkchop":3,"minecraft:diamond_axe":1,"minecraft:crafting_table":2,"minecraft:wooden_pickaxe":2,"minecraft:cooked_chicken":2,"minecraft:furnace":3,"minecraft:stone_axe":2,"minecraft:cooked_mutton":19,"minecraft:air":0,"minecraft:diamond_helmet":1,"minecraft:diamond_leggings":1,"minecraft:diamond_pickaxe":1,"minecraft:shield":1,"minecraft:stick":64,"minecraft:iron_ingot":4,"minecraft:iron_pickaxe":1,"minecraft:stone_pickaxe":4,"minecraft:diamond_boots":1,"minecraft:torch":152,"minecraft:diamond_chestplate":1},"minecraft:used":{"minecraft:cooked_mutton":15,"minecraft:stone_pickaxe":362,"minecraft:wooden_pickaxe":9,"minecraft:shield":41,"minecraft:diamond_axe":69,"minecraft:cooked_chicken":2,"minecraft:white_wool":12,"minecraft:torch":131,"minecraft:crafting_table":10,"minecraft:tuff":1,"minecraft:diamond_pickaxe":116,"minecraft:oak_log":1,"minecraft:black_wool":1,"minecraft:apple":1,"minecraft:iron_pickaxe":56,"minecraft:bow":5,"minecraft:magma_block":5,"minecraft:diamond_chestplate":1,"minecraft:stone_axe":85,"minecraft:cobblestone":57,"minecraft:beef":1,"minecraft:furnace":4,"minecraft:egg":2,"minecraft:cooked_beef":11},"minecraft:custom":{"minecraft:interact_with_furnace":25,"minecraft:mob_kills":73,"minecraft:interact_with_crafting_table":21,"minecraft:leave_game":1,"minecraft:time_since_death":36517,"minecraft:sleep_in_bed":1,"minecraft:time_since_rest":36585,"minecraft:sprint_one_cm":217134,"minecraft:damage_taken":3771,"minecraft:walk_one_cm":296402,"minecraft:damage_blocked_by_shield":990,"minecraft:drop":7,"minecraft:damage_dealt":9594,"minecraft:swim_one_cm":140278,"minecraft:talked_to_villager":1,"minecraft:fly_one_cm":259403,"minecraft:crouch_one_cm":4446,"minecraft:play_time":107744,"minecraft:sneak_time":4424,"minecraft:deaths":6,"minecraft:walk_under_water_one_cm":41844,"minecraft:jump":1935,"minecraft:walk_on_water_one_cm":38082,"minecraft:fall_one_cm":49317,"minecraft:total_world_time":107744},"minecraft:broken":{"minecraft:stone_pickaxe":2},"minecraft:dropped":{"minecraft:stone_axe":1,"minecraft:wheat_seeds":1,"minecraft:stick":2,"minecraft:dirt":2,"minecraft:sunflower":1,"minecraft:stone_pickaxe":1,"minecraft:wooden_pickaxe":1},"minecraft:killed_by":{"minecraft:creeper":1},"minecraft:killed":{"minecraft:pig":1,"minecraft:zombie_villager":1,"minecraft:salmon":8,"minecraft:spider":3,"minecraft:wandering_trader":1,"minecraft:skeleton":10,"minecraft:sheep":15,"minecraft:trader_llama":1,"minecraft:zombie":20,"minecraft:chicken":2,"minecraft:cow":10},"minecraft:picked_up":{"minecraft:crafting_table":11,"minecraft:magma_block":9,"minecraft:feather":2,"minecraft:cooked_beef":7,"minecraft:chicken":2,"minecraft:salmon":10,"minecraft:brown_wool":1,"minecraft:leather":24,"minecraft:lead":4,"minecraft:oak_stairs":2,"minecraft:tuff":1,"minecraft:oak_log":26,"minecraft:dirt":20,"minecraft:string":8,"minecraft:cooked_mutton":10,"minecraft:bone":10,"minecraft:apple":1,"minecraft:bow":1,"minecraft:wheat_seeds":1,"minecraft:cobbled_deepslate":114,"minecraft:stone_pickaxe":1,"minecraft:beef":28,"minecraft:oak_planks":52,"minecraft:furnace":4,"minecraft:egg":2,"minecraft:stick":2,"minecraft:raw_iron":35,"minecraft:cooked_porkchop":3,"minecraft:torch":32,"minecraft:porkchop":3,"minecraft:spider_eye":1,"minecraft:arrow":12,"minecraft:rotten_flesh":26,"minecraft:diamond":36,"minecraft:stone_axe":1,"minecraft:netherrack":63,"minecraft:oak_sapling":2,"minecraft:black_wool":1,"minecraft:mutton":21,"minecraft:coal":214,"minecraft:white_wool":15,"minecraft:cobblestone":212,"minecraft:sunflower":1},"minecraft:mined":{"minecraft:deepslate_diamond_ore":36,"minecraft:crafting_table":10,"minecraft:torch":3,"minecraft:short_grass":7,"minecraft:grass_block":1,"minecraft:tall_grass":2,"minecraft:cobblestone":12,"minecraft:oak_planks":1,"minecraft:wall_torch":5,"minecraft:magma_block":9,"minecraft:furnace":4,"minecraft:iron_ore":18,"minecraft:oak_log":26,"minecraft:coal_ore":134,"minecraft:deepslate_iron_ore":13,"minecraft:dirt_path":1,"minecraft:oak_stairs":2,"minecraft:sunflower":1,"minecraft:stone":137,"minecraft:netherrack":66,"minecraft:white_wool":2,"minecraft:oak_leaves":21,"minecraft:deepslate":113}},"DataVersion":3953}