{"stats":{"minecraft:crafted":{"minecraft:oak_planks":16,"minecraft:stone_axe":1,"minecraft:crafting_table":1,"minecraft:stick":8,"minecraft:wooden_pickaxe":1,"minecraft:stone_pickaxe":1},"minecraft:used":{"minecraft:stone_axe":2,"minecraft:crafting_table":1,"minecraft:stone_pickaxe":96,"minecraft:wooden_pickaxe":3},"minecraft:custom":{"minecraft:time_since_rest":7841,"minecraft:crouch_one_cm":320,"minecraft:play_time":7841,"minecraft:sprint_one_cm":3229,"minecraft:damage_taken":180,"minecraft:walk_one_cm":19827,"minecraft:sneak_time":204,"minecraft:mob_kills":1,"minecraft:jump":104,"minecraft:damage_dealt":100,"minecraft:time_since_death":7841,"minecraft:walk_on_water_one_cm":1043,"minecraft:total_world_time":7841,"minecraft:interact_with_crafting_table":5,"minecraft:fall_one_cm":2676,"minecraft:fly_one_cm":3726},"minecraft:killed":{"minecraft:cow":1},"minecraft:picked_up":{"minecraft:magma_block":5,"minecraft:crafting_table":1,"minecraft:apple":1,"minecraft:beef":3,"minecraft:oak_log":4,"minecraft:coal":22,"minecraft:netherrack":61,"minecraft:oak_sapling":1,"minecraft:dirt":16,"minecraft:cobblestone":8},"minecraft:mined":{"minecraft:coal_ore":23,"minecraft:oak_log":4,"minecraft:magma_block":5,"minecraft:stone":8,"minecraft:netherrack":63,"minecraft:crafting_table":1,"minecraft:oak_leaves":2}},"DataVersion":3953}