{"stats":{"minecraft:crafted":{"minecraft:cooked_beef":3,"minecraft:oak_planks":16,"minecraft:crafting_table":1,"minecraft:stick":16,"minecraft:cooked_chicken":2,"minecraft:wooden_pickaxe":1,"minecraft:stone_pickaxe":2,"minecraft:furnace":1,"minecraft:torch":24,"minecraft:stone_axe":1,"minecraft:cooked_mutton":5,"minecraft:air":0},"minecraft:used":{"minecraft:cooked_mutton":1,"minecraft:apple":1,"minecraft:stone_pickaxe":198,"minecraft:wooden_pickaxe":3,"minecraft:cooked_chicken":2,"minecraft:stone_axe":10,"minecraft:torch":4,"minecraft:magma_block":5,"minecraft:crafting_table":3,"minecraft:furnace":1,"minecraft:egg":1,"minecraft:cooked_beef":1},"minecraft:custom":{"minecraft:time_since_rest":1303,"minecraft:interact_with_furnace":10,"minecraft:sprint_one_cm":48591,"minecraft:damage_taken":1275,"minecraft:walk_one_cm":52880,"minecraft:mob_kills":7,"minecraft:damage_dealt":500,"minecraft:swim_one_cm":120190,"minecraft:interact_with_crafting_table":10,"minecraft:fly_one_cm":74290,"minecraft:crouch_one_cm":565,"minecraft:play_time":31841,"minecraft:deaths":4,"minecraft:sneak_time":2892,"minecraft:walk_under_water_one_cm":16945,"minecraft:jump":574,"minecraft:walk_on_water_one_cm":8248,"minecraft:time_since_death":1265,"minecraft:total_world_time":31841,"minecraft:fall_one_cm":18324},"minecraft:broken":{"minecraft:stone_pickaxe":1},"minecraft:killed_by":{"minecraft:creeper":1},"minecraft:killed":{"minecraft:sheep":4,"minecraft:chicken":2,"minecraft:cow":1},"minecraft:picked_up":{"minecraft:raw_iron":14,"minecraft:crafting_table":3,"minecraft:magma_block":9,"minecraft:chicken":2,"minecraft:feather":2,"minecraft:brown_wool":1,"minecraft:oak_log":4,"minecraft:dirt":16,"minecraft:cooked_mutton":2,"minecraft:apple":1,"minecraft:beef":3,"minecraft:oak_sapling":2,"minecraft:netherrack":63,"minecraft:mutton":7,"minecraft:coal":79,"minecraft:furnace":1,"minecraft:white_wool":3,"minecraft:cobblestone":31,"minecraft:egg":1},"minecraft:mined":{"minecraft:magma_block":9,"minecraft:furnace":1,"minecraft:iron_ore":14,"minecraft:crafting_table":3,"minecraft:oak_log":4,"minecraft:coal_ore":80,"minecraft:stone":31,"minecraft:netherrack":66,"minecraft:oak_leaves":13}},"DataVersion":3953}