{"stats":{"minecraft:crafted":{"minecraft:cooked_beef":13,"minecraft:oak_planks":100,"minecraft:cooked_porkchop":3,"minecraft:diamond_axe":1,"minecraft:crafting_table":2,"minecraft:wooden_pickaxe":2,"minecraft:cooked_chicken":2,"minecraft:furnace":3,"minecraft:stone_axe":2,"minecraft:cooked_mutton":19,"minecraft:air":0,"minecraft:diamond_pickaxe":1,"minecraft:shield":1,"minecraft:stick":44,"minecraft:iron_ingot":4,"minecraft:iron_pickaxe":1,"minecraft:stone_pickaxe":4,"minecraft:torch":64},"minecraft:used":{"minecraft:cooked_mutton":9,"minecraft:stone_pickaxe":362,"minecraft:wooden_pickaxe":9,"minecraft:diamond_axe":1,"minecraft:cooked_chicken":2,"minecraft:white_wool":12,"minecraft:torch":21,"minecraft:crafting_table":8,"minecraft:oak_log":1,"minecraft:black_wool":1,"minecraft:apple":1,"minecraft:iron_pickaxe":27,"minecraft:stone_axe":85,"minecraft:cobblestone":19,"minecraft:magma_block":5,"minecraft:beef":1,"minecraft:furnace":4,"minecraft:egg":2,"minecraft:cooked_beef":4},"minecraft:custom":{"minecraft:interact_with_furnace":25,"minecraft:mob_kills":45,"minecraft:interact_with_crafting_table":19,"minecraft:time_since_death":8614,"minecraft:sleep_in_bed":1,"minecraft:time_since_rest":8682,"minecraft:sprint_one_cm":133521,"minecraft:damage_taken":2696,"minecraft:walk_one_cm":203182,"minecraft:drop":7,"minecraft:damage_dealt":4500,"minecraft:swim_one_cm":139616,"minecraft:talked_to_villager":1,"minecraft:fly_one_cm":181490,"minecraft:crouch_one_cm":4339,"minecraft:play_time":79841,"minecraft:deaths":6,"minecraft:sneak_time":4366,"minecraft:walk_under_water_one_cm":37954,"minecraft:jump":1212,"minecraft:walk_on_water_one_cm":24918,"minecraft:total_world_time":79841,"minecraft:fall_one_cm":35709},"minecraft:broken":{"minecraft:stone_pickaxe":2},"minecraft:dropped":{"minecraft:stone_axe":1,"minecraft:wheat_seeds":1,"minecraft:stick":2,"minecraft:dirt":2,"minecraft:sunflower":1,"minecraft:stone_pickaxe":1,"minecraft:wooden_pickaxe":1},"minecraft:killed_by":{"minecraft:creeper":1},"minecraft:killed":{"minecraft:pig":1,"minecraft:salmon":8,"minecraft:wandering_trader":1,"minecraft:sheep":15,"minecraft:trader_llama":1,"minecraft:zombie":7,"minecraft:chicken":2,"minecraft:cow":10},"minecraft:picked_up":{"minecraft:magma_block":9,"minecraft:crafting_table":9,"minecraft:feather":2,"minecraft:cooked_beef":7,"minecraft:chicken":2,"minecraft:salmon":10,"minecraft:brown_wool":1,"minecraft:leather":24,"minecraft:lead":4,"minecraft:oak_stairs":2,"minecraft:oak_log":26,"minecraft:dirt":20,"minecraft:cooked_mutton":10,"minecraft:apple":1,"minecraft:wheat_seeds":1,"minecraft:cobbled_deepslate":16,"minecraft:beef":28,"minecraft:stone_pickaxe":1,"minecraft:oak_planks":52,"minecraft:egg":2,"minecraft:furnace":4,"minecraft:stick":2,"minecraft:raw_iron":24,"minecraft:cooked_porkchop":3,"minecraft:torch":26,"minecraft:porkchop":3,"minecraft:rotten_flesh":9,"minecraft:diamond":8,"minecraft:stone_axe":1,"minecraft:oak_sapling":2,"minecraft:netherrack":63,"minecraft:black_wool":1,"minecraft:mutton":21,"minecraft:coal":214,"minecraft:white_wool":15,"minecraft:cobblestone":204,"minecraft:sunflower":1},"minecraft:mined":{"minecraft:deepslate_diamond_ore":8,"minecraft:crafting_table":8,"minecraft:short_grass":7,"minecraft:grass_block":1,"minecraft:cobblestone":4,"minecraft:tall_grass":2,"minecraft:oak_planks":1,"minecraft:wall_torch":1,"minecraft:magma_block":9,"minecraft:furnace":4,"minecraft:iron_ore":18,"minecraft:deepslate_iron_ore":2,"minecraft:coal_ore":134,"minecraft:oak_log":26,"minecraft:dirt_path":1,"minecraft:oak_stairs":2,"minecraft:sunflower":1,"minecraft:stone":137,"minecraft:deepslate":16,"minecraft:netherrack":66,"minecraft:white_wool":2,"minecraft:oak_leaves":21}},"DataVersion":3953}