{"stats":{"minecraft:killed":{"minecraft:cave_spider":1,"minecraft:spider":5,"minecraft:skeleton":16,"minecraft:chicken":6,"minecraft:drowned":2,"minecraft:pig":22,"minecraft:creeper":3,"minecraft:sheep":12,"minecraft:pillager":2,"minecraft:zombie":24,"minecraft:cow":10},"minecraft:crafted":{"minecraft:wooden_sword":1,"minecraft:oak_door":3,"minecraft:oak_planks":88,"minecraft:cooked_chicken":3,"minecraft:furnace":2,"minecraft:cooked_mutton":6,"minecraft:oak_trapdoor":2,"minecraft:iron_boots":1,"minecraft:iron_axe":2,"minecraft:ladder":18,"minecraft:stone_pickaxe":1,"minecraft:chest":5,"minecraft:cooked_beef":19,"minecraft:cooked_porkchop":48,"minecraft:crafting_table":3,"minecraft:wooden_pickaxe":1,"minecraft:iron_helmet":1,"minecraft:bucket":1,"minecraft:stone_axe":1,"minecraft:air":0,"minecraft:jungle_planks":40,"minecraft:iron_chestplate":1,"minecraft:diamond_pickaxe":1,"minecraft:shield":1,"minecraft:stick":100,"minecraft:iron_ingot":61,"minecraft:iron_pickaxe":3,"minecraft:wooden_axe":1,"minecraft:iron_leggings":1,"minecraft:white_bed":1,"minecraft:torch":96},"minecraft:mined":{"minecraft:diamond_ore":4,"minecraft:tuff":30,"minecraft:white_bed":3,"minecraft:deepslate_diamond_ore":27,"minecraft:oak_door":10,"minecraft:jungle_leaves":8,"minecraft:obsidian":1,"minecraft:granite":9,"minecraft:grass_block":1,"minecraft:jungle_log":12,"minecraft:spawner":2,"minecraft:oak_trapdoor":2,"minecraft:furnace":8,"minecraft:iron_ore":62,"minecraft:cobbled_deepslate":9,"minecraft:andesite":15,"minecraft:vine":16,"minecraft:deepslate_iron_ore":59,"minecraft:stone":52,"minecraft:deepslate_redstone_ore":3,"minecraft:crafting_table":12,"minecraft:torch":1,"minecraft:short_grass":14,"minecraft:melon":13,"minecraft:cobblestone":3,"minecraft:deepslate_gold_ore":4,"minecraft:oak_planks":16,"minecraft:diorite":26,"minecraft:oak_log":22,"minecraft:coal_ore":50,"minecraft:gravel":15,"minecraft:dirt":6,"minecraft:cobweb":30,"minecraft:smooth_basalt":1,"minecraft:oak_leaves":2,"minecraft:deepslate":493,"minecraft:fern":2},"minecraft:used":{"minecraft:oak_trapdoor":2,"minecraft:ladder":18,"minecraft:chest":5,"minecraft:shield":26,"minecraft:cooked_chicken":3,"minecraft:iron_chestplate":1,"minecraft:oak_door":14,"minecraft:torch":73,"minecraft:tuff":16,"minecraft:wooden_axe":23,"minecraft:iron_axe":201,"minecraft:jungle_log":2,"minecraft:furnace":10,"minecraft:cooked_beef":3,"minecraft:cobbled_deepslate":161,"minecraft:cooked_mutton":4,"minecraft:water_bucket":14,"minecraft:diorite":11,"minecraft:stone_pickaxe":130,"minecraft:oak_planks":13,"minecraft:wooden_pickaxe":16,"minecraft:crafting_table":15,"minecraft:white_bed":3,"minecraft:diamond_pickaxe":8,"minecraft:melon_slice":58,"minecraft:iron_pickaxe":724,"minecraft:gravel":1,"minecraft:stone_axe":63,"minecraft:wooden_sword":30,"minecraft:cobblestone":10,"minecraft:cooked_porkchop":5,"minecraft:andesite":4,"minecraft:bucket":15},"minecraft:dropped":{"minecraft:wheat_seeds":13,"minecraft:chorus_flower":2,"minecraft:feather":4,"minecraft:cobblestone":9,"minecraft:dirt":1,"minecraft:diorite":15,"minecraft:iron_pickaxe":1,"minecraft:white_wool":1,"minecraft:gravel":13,"minecraft:tuff":10,"minecraft:rotten_flesh":4,"minecraft:gunpowder":1,"minecraft:andesite":5,"minecraft:arrow":25},"minecraft:custom":{"minecraft:mob_kills":106,"minecraft:interact_with_crafting_table":41,"minecraft:leave_game":1,"minecraft:time_since_death":150037,"minecraft:climb_one_cm":6880,"minecraft:sprint_one_cm":272173,"minecraft:walk_one_cm":230602,"minecraft:damage_blocked_by_shield":778,"minecraft:drop":26,"minecraft:play_time":150037,"minecraft:sneak_time":25420,"minecraft:walk_under_water_one_cm":30649,"minecraft:jump":2514,"minecraft:walk_on_water_one_cm":22692,"minecraft:total_world_time":150037,"minecraft:interact_with_furnace":61,"minecraft:sleep_in_bed":3,"minecraft:time_since_rest":30649,"minecraft:damage_taken":1478,"minecraft:damage_dealt":15038,"minecraft:swim_one_cm":87039,"minecraft:fly_one_cm":427203,"minecraft:open_chest":14,"minecraft:crouch_one_cm":54245,"minecraft:fall_one_cm":63194},"minecraft:broken":{"minecraft:stone_pickaxe":1,"minecraft:iron_axe":1,"minecraft:wooden_sword":1,"minecraft:iron_pickaxe":2},"minecraft:picked_up":{"minecraft:crafting_table":12,"minecraft:ominous_bottle":1,"minecraft:chicken":6,"minecraft:oak_trapdoor":2,"minecraft:string":32,"minecraft:cobbled_deepslate":503,"minecraft:beef":19,"minecraft:iron_pickaxe":1,"minecraft:melon_slice":58,"minecraft:furnace":8,"minecraft:raw_iron":120,"minecraft:oak_door":12,"minecraft:torch":1,"minecraft:porkchop":48,"minecraft:diorite":26,"minecraft:arrow":25,"minecraft:rotten_flesh":17,"minecraft:obsidian":1,"minecraft:mutton":19,"minecraft:rail":2,"minecraft:white_wool":4,"minecraft:cobblestone":41,"minecraft:feather":4,"minecraft:glow_ink_sac":2,"minecraft:andesite":9,"minecraft:jungle_log":12,"minecraft:leather":9,"minecraft:flint":2,"minecraft:tuff":26,"minecraft:oak_log":22,"minecraft:gunpowder":1,"minecraft:dirt":1,"minecraft:white_banner":1,"minecraft:bone":17,"minecraft:wheat_seeds":13,"minecraft:raw_gold":4,"minecraft:oak_planks":16,"minecraft:gravel":14,"minecraft:white_bed":2,"minecraft:diamond":31,"minecraft:granite":2,"minecraft:coal":49}},"DataVersion":3955}