{"stats":{"minecraft:broken":{"minecraft:stone_pickaxe":1,"minecraft:iron_axe":1,"minecraft:wooden_sword":1,"minecraft:iron_pickaxe":2},"minecraft:picked_up":{"minecraft:crafting_table":12,"minecraft:ominous_bottle":1,"minecraft:chicken":6,"minecraft:oak_trapdoor":2,"minecraft:string":33,"minecraft:cobbled_deepslate":517,"minecraft:beef":28,"minecraft:iron_pickaxe":1,"minecraft:melon_slice":58,"minecraft:furnace":8,"minecraft:stick":2,"minecraft:raw_iron":188,"minecraft:oak_door":12,"minecraft:torch":1,"minecraft:porkchop":48,"minecraft:diorite":26,"minecraft:redstone":66,"minecraft:arrow":28,"minecraft:rotten_flesh":19,"minecraft:tropical_fish":1,"minecraft:obsidian":10,"minecraft:mutton":25,"minecraft:rail":2,"minecraft:white_wool":8,"minecraft:cobblestone":70,"minecraft:feather":4,"minecraft:glow_ink_sac":7,"minecraft:jungle_log":12,"minecraft:andesite":9,"minecraft:brown_wool":1,"minecraft:leather":16,"minecraft:flint":2,"minecraft:tuff":26,"minecraft:oak_log":22,"minecraft:gunpowder":1,"minecraft:dirt":4,"minecraft:white_banner":1,"minecraft:bone":20,"minecraft:wheat_seeds":15,"minecraft:raw_gold":4,"minecraft:glowstone_dust":1,"minecraft:oak_planks":16,"minecraft:gravel":14,"minecraft:white_bed":2,"minecraft:diamond":40,"minecraft:granite":2,"minecraft:coal":49},"minecraft:custom":{"minecraft:mob_kills":133,"minecraft:interact_with_crafting_table":41,"minecraft:leave_game":1,"minecraft:time_since_death":192009,"minecraft:climb_one_cm":7436,"minecraft:sprint_one_cm":391894,"minecraft:walk_one_cm":312554,"minecraft:damage_blocked_by_shield":993,"minecraft:drop":36,"minecraft:play_time":192009,"minecraft:sneak_time":32438,"minecraft:walk_under_water_one_cm":32254,"minecraft:jump":3563,"minecraft:walk_on_water_one_cm":26684,"minecraft:total_world_time":192009,"minecraft:interact_with_furnace":68,"minecraft:sleep_in_bed":4,"minecraft:time_since_rest":24016,"minecraft:damage_taken":2790,"minecraft:damage_dealt":18751,"minecraft:swim_one_cm":87222,"minecraft:fly_one_cm":609639,"minecraft:open_chest":21,"minecraft:crouch_one_cm":70722,"minecraft:fall_one_cm":88729},"minecraft:killed":{"minecraft:cave_spider":1,"minecraft:witch":1,"minecraft:spider":7,"minecraft:skeleton":19,"minecraft:chicken":6,"minecraft:drowned":2,"minecraft:pig":22,"minecraft:creeper":3,"minecraft:sheep":17,"minecraft:pillager":2,"minecraft:zombie":30,"minecraft:cow":15},"minecraft:used":{"minecraft:oak_trapdoor":2,"minecraft:ladder":18,"minecraft:chest":5,"minecraft:shield":33,"minecraft:cooked_chicken":3,"minecraft:iron_chestplate":1,"minecraft:oak_door":14,"minecraft:torch":73,"minecraft:dirt":3,"minecraft:tuff":16,"minecraft:axolotl_bucket":11,"minecraft:wooden_axe":23,"minecraft:iron_axe":243,"minecraft:jungle_log":2,"minecraft:furnace":10,"minecraft:cooked_beef":18,"minecraft:cobbled_deepslate":197,"minecraft:cooked_mutton":6,"minecraft:water_bucket":30,"minecraft:diorite":11,"minecraft:stone_pickaxe":130,"minecraft:oak_planks":13,"minecraft:wooden_pickaxe":16,"minecraft:crafting_table":15,"minecraft:white_bed":3,"minecraft:diamond_pickaxe":128,"minecraft:melon_slice":58,"minecraft:iron_pickaxe":736,"minecraft:gravel":1,"minecraft:stone_axe":63,"minecraft:wooden_sword":30,"minecraft:cobblestone":19,"minecraft:cooked_porkchop":5,"minecraft:andesite":4,"minecraft:bucket":42},"minecraft:mined":{"minecraft:diamond_ore":4,"minecraft:tuff":30,"minecraft:white_bed":4,"minecraft:deepslate_diamond_ore":36,"minecraft:oak_door":10,"minecraft:jungle_leaves":8,"minecraft:obsidian":10,"minecraft:granite":10,"minecraft:grass_block":4,"minecraft:jungle_log":12,"minecraft:spawner":2,"minecraft:oak_trapdoor":2,"minecraft:furnace":8,"minecraft:iron_ore":96,"minecraft:cobbled_deepslate":12,"minecraft:andesite":16,"minecraft:vine":16,"minecraft:deepslate_iron_ore":62,"minecraft:stone":87,"minecraft:deepslate_redstone_ore":18,"minecraft:crafting_table":12,"minecraft:torch":1,"minecraft:short_grass":16,"minecraft:melon":13,"minecraft:cobblestone":4,"minecraft:deepslate_gold_ore":4,"minecraft:oak_planks":16,"minecraft:diorite":26,"minecraft:oak_log":22,"minecraft:coal_ore":50,"minecraft:gravel":15,"minecraft:dirt":7,"minecraft:cobweb":30,"minecraft:smooth_basalt":1,"minecraft:oak_leaves":2,"minecraft:deepslate":507,"minecraft:fern":4},"minecraft:dropped":{"minecraft:wheat_seeds":14,"minecraft:chorus_flower":2,"minecraft:diamond":4,"minecraft:feather":4,"minecraft:cobblestone":9,"minecraft:tropical_fish":1,"minecraft:dirt":1,"minecraft:diorite":15,"minecraft:wooden_axe":1,"minecraft:iron_pickaxe":1,"minecraft:white_wool":1,"minecraft:redstone":2,"minecraft:gravel":13,"minecraft:tuff":10,"minecraft:rotten_flesh":4,"minecraft:glowstone_dust":1,"minecraft:gunpowder":1,"minecraft:andesite":5,"minecraft:arrow":25,"minecraft:wooden_pickaxe":1},"minecraft:crafted":{"minecraft:wooden_sword":1,"minecraft:oak_door":3,"minecraft:oak_planks":88,"minecraft:cooked_chicken":3,"minecraft:furnace":2,"minecraft:cooked_mutton":6,"minecraft:oak_trapdoor":2,"minecraft:iron_boots":1,"minecraft:iron_axe":2,"minecraft:ladder":18,"minecraft:stone_pickaxe":1,"minecraft:chest":5,"minecraft:cooked_beef":19,"minecraft:cooked_porkchop":52,"minecraft:crafting_table":3,"minecraft:wooden_pickaxe":1,"minecraft:iron_helmet":1,"minecraft:bucket":1,"minecraft:stone_axe":1,"minecraft:air":0,"minecraft:jungle_planks":40,"minecraft:iron_chestplate":1,"minecraft:diamond_pickaxe":1,"minecraft:shield":1,"minecraft:stick":100,"minecraft:iron_ingot":61,"minecraft:iron_pickaxe":3,"minecraft:wooden_axe":1,"minecraft:iron_leggings":1,"minecraft:white_bed":1,"minecraft:torch":96}},"DataVersion":3955}