{"stats":{"minecraft:broken":{"minecraft:stone_pickaxe":1,"minecraft:iron_axe":1,"minecraft:wooden_sword":1,"minecraft:iron_pickaxe":2},"minecraft:picked_up":{"minecraft:wooden_axe":1,"minecraft:crafting_table":14,"minecraft:splash_potion":1,"minecraft:ominous_bottle":1,"minecraft:chicken":6,"minecraft:brown_mushroom":3,"minecraft:wooden_pickaxe":1,"minecraft:enchanted_book":2,"minecraft:potion":4,"minecraft:nether_brick":27,"minecraft:oak_trapdoor":2,"minecraft:string":44,"minecraft:blackstone":55,"minecraft:gold_nugget":764,"minecraft:cobbled_deepslate":517,"minecraft:beef":28,"minecraft:iron_pickaxe":1,"minecraft:melon_slice":58,"minecraft:chest":1,"minecraft:furnace":8,"minecraft:stick":45,"minecraft:raw_iron":188,"minecraft:oak_door":12,"minecraft:torch":1,"minecraft:fire_charge":8,"minecraft:porkchop":48,"minecraft:polished_blackstone_bricks":13,"minecraft:diorite":26,"minecraft:redstone":66,"minecraft:arrow":32,"minecraft:rotten_flesh":57,"minecraft:tropical_fish":1,"minecraft:gold_ingot":13,"minecraft:blaze_rod":8,"minecraft:obsidian":13,"minecraft:mutton":25,"minecraft:rail":2,"minecraft:white_wool":8,"minecraft:cobblestone":70,"minecraft:jungle_boat":2,"minecraft:feather":4,"minecraft:basalt":1,"minecraft:salmon":2,"minecraft:glow_ink_sac":7,"minecraft:jungle_log":22,"minecraft:andesite":11,"minecraft:brown_wool":1,"minecraft:leather":54,"minecraft:birch_planks":4,"minecraft:flint":2,"minecraft:tuff":26,"minecraft:oak_log":22,"minecraft:gunpowder":1,"minecraft:dirt":4,"minecraft:lantern":1,"minecraft:white_banner":1,"minecraft:cooked_mutton":2,"minecraft:bone":20,"minecraft:wheat_seeds":16,"minecraft:raw_gold":8,"minecraft:bamboo":2,"minecraft:glowstone_dust":1,"minecraft:iron_sword":1,"minecraft:oak_planks":16,"minecraft:soul_sand":21,"minecraft:quartz":58,"minecraft:gravel":96,"minecraft:jungle_planks":1,"minecraft:white_bed":2,"minecraft:spectral_arrow":59,"minecraft:diamond":40,"minecraft:cracked_polished_blackstone_bricks":3,"minecraft:granite":2,"minecraft:warped_roots":1,"minecraft:warped_nylium":2,"minecraft:netherrack":127,"minecraft:coal":49,"minecraft:ender_pearl":3},"minecraft:custom":{"minecraft:mob_kills":155,"minecraft:interact_with_crafting_table":52,"minecraft:leave_game":2,"minecraft:time_since_death":10340,"minecraft:climb_one_cm":8000,"minecraft:sprint_one_cm":586142,"minecraft:walk_one_cm":616318,"minecraft:damage_blocked_by_shield":1023,"minecraft:drop":165,"minecraft:play_time":289224,"minecraft:deaths":3,"minecraft:sneak_time":56110,"minecraft:walk_under_water_one_cm":32254,"minecraft:boat_one_cm":1148,"minecraft:jump":5214,"minecraft:walk_on_water_one_cm":26684,"minecraft:total_world_time":289224,"minecraft:interact_with_furnace":68,"minecraft:sleep_in_bed":4,"minecraft:time_since_rest":10406,"minecraft:damage_taken":4931,"minecraft:damage_dealt":24755,"minecraft:player_kills":4,"minecraft:swim_one_cm":87222,"minecraft:fly_one_cm":874773,"minecraft:open_chest":31,"minecraft:crouch_one_cm":174589,"minecraft:fall_one_cm":138685},"minecraft:killed":{"minecraft:cave_spider":1,"minecraft:witch":1,"minecraft:spider":7,"minecraft:skeleton":19,"minecraft:chicken":6,"minecraft:drowned":2,"minecraft:piglin_brute":1,"minecraft:piglin":3,"minecraft:pig":22,"minecraft:creeper":3,"minecraft:sheep":17,"minecraft:pillager":2,"minecraft:zombie":30,"minecraft:blaze":15,"minecraft:enderman":3,"minecraft:cow":15},"minecraft:used":{"minecraft:oak_trapdoor":2,"minecraft:flint_and_steel":19,"minecraft:ladder":18,"minecraft:chest":8,"minecraft:shield":34,"minecraft:cooked_chicken":3,"minecraft:netherrack":127,"minecraft:iron_chestplate":1,"minecraft:oak_door":14,"minecraft:torch":73,"minecraft:soul_sand":21,"minecraft:dirt":3,"minecraft:jungle_planks":87,"minecraft:tuff":16,"minecraft:axolotl_bucket":11,"minecraft:wooden_axe":23,"minecraft:iron_axe":254,"minecraft:jungle_log":3,"minecraft:warped_nylium":2,"minecraft:basalt":31,"minecraft:furnace":10,"minecraft:cooked_beef":18,"minecraft:cobbled_deepslate":197,"minecraft:golden_boots":1,"minecraft:cooked_mutton":6,"minecraft:water_bucket":30,"minecraft:diorite":11,"minecraft:stone_pickaxe":130,"minecraft:blackstone":52,"minecraft:oak_planks":13,"minecraft:wooden_pickaxe":16,"minecraft:jungle_boat":2,"minecraft:polished_blackstone_bricks":13,"minecraft:crafting_table":22,"minecraft:white_bed":3,"minecraft:diamond_pickaxe":405,"minecraft:cracked_polished_blackstone_bricks":3,"minecraft:melon_slice":58,"minecraft:iron_pickaxe":736,"minecraft:gravel":1,"minecraft:stone_axe":80,"minecraft:fire_charge":5,"minecraft:diamond_sword":65,"minecraft:wooden_sword":30,"minecraft:potion":1,"minecraft:cobblestone":83,"minecraft:white_banner":1,"minecraft:cooked_porkchop":21,"minecraft:andesite":4,"minecraft:bucket":42,"minecraft:splash_potion":1},"minecraft:mined":{"minecraft:nether_gold_ore":201,"minecraft:diamond_ore":4,"minecraft:tuff":30,"minecraft:white_bed":4,"minecraft:deepslate_diamond_ore":36,"minecraft:oak_door":10,"minecraft:jungle_leaves":8,"minecraft:obsidian":10,"minecraft:nether_bricks":1,"minecraft:granite":10,"minecraft:grass_block":4,"minecraft:jungle_planks":4,"minecraft:jungle_log":22,"minecraft:cracked_polished_blackstone_bricks":2,"minecraft:spawner":2,"minecraft:polished_blackstone_bricks":1,"minecraft:oak_trapdoor":2,"minecraft:furnace":8,"minecraft:fire":15,"minecraft:iron_ore":96,"minecraft:cobbled_deepslate":12,"minecraft:andesite":16,"minecraft:vine":17,"minecraft:deepslate_iron_ore":62,"minecraft:stone":87,"minecraft:deepslate_redstone_ore":18,"minecraft:blackstone":1,"minecraft:basalt":2,"minecraft:crafting_table":14,"minecraft:torch":1,"minecraft:short_grass":21,"minecraft:melon":13,"minecraft:warped_roots":1,"minecraft:chest":1,"minecraft:cobblestone":4,"minecraft:deepslate_gold_ore":4,"minecraft:oak_planks":16,"minecraft:diorite":26,"minecraft:warped_nylium":1,"minecraft:oak_log":22,"minecraft:coal_ore":50,"minecraft:gravel":15,"minecraft:dirt":7,"minecraft:cobweb":30,"minecraft:smooth_basalt":1,"minecraft:netherrack":65,"minecraft:oak_leaves":2,"minecraft:deepslate":507,"minecraft:fern":4},"minecraft:killed_by":{"minecraft:player":1,"minecraft:piglin_brute":1,"minecraft:piglin":1},"minecraft:dropped":{"minecraft:iron_ingot":1,"minecraft:iron_sword":1,"minecraft:wheat_seeds":16,"minecraft:chorus_flower":2,"minecraft:glow_ink_sac":7,"minecraft:diamond":37,"minecraft:feather":4,"minecraft:cobblestone":9,"minecraft:warped_roots":1,"minecraft:tropical_fish":1,"minecraft:rail":4,"minecraft:dirt":2,"minecraft:diorite":15,"minecraft:wooden_axe":3,"minecraft:melon_slice":64,"minecraft:brown_wool":1,"minecraft:potion":3,"minecraft:gold_nugget":5,"minecraft:iron_pickaxe":1,"minecraft:string":8,"minecraft:white_wool":9,"minecraft:gold_ingot":68,"minecraft:redstone":8,"minecraft:oak_door":1,"minecraft:gravel":95,"minecraft:stone_axe":1,"minecraft:cocoa_beans":3,"minecraft:nether_brick":8,"minecraft:tuff":10,"minecraft:obsidian":10,"minecraft:raw_iron":74,"minecraft:rotten_flesh":42,"minecraft:glowstone_dust":1,"minecraft:cooked_mutton":5,"minecraft:salmon":4,"minecraft:gunpowder":1,"minecraft:iron_chestplate":1,"minecraft:andesite":9,"minecraft:arrow":29,"minecraft:wooden_pickaxe":2,"minecraft:raw_gold":4,"minecraft:quartz":28},"minecraft:crafted":{"minecraft:wooden_sword":1,"minecraft:oak_door":3,"minecraft:oak_planks":92,"minecraft:cooked_chicken":3,"minecraft:furnace":2,"minecraft:cooked_mutton":6,"minecraft:oak_trapdoor":2,"minecraft:iron_boots":1,"minecraft:iron_axe":2,"minecraft:ladder":18,"minecraft:stone_pickaxe":1,"minecraft:chest":8,"minecraft:golden_boots":1,"minecraft:cooked_beef":19,"minecraft:cooked_porkchop":52,"minecraft:crafting_table":8,"minecraft:jungle_boat":1,"minecraft:wooden_pickaxe":1,"minecraft:iron_helmet":1,"minecraft:bucket":1,"minecraft:stone_axe":1,"minecraft:air":0,"minecraft:jungle_planks":156,"minecraft:iron_chestplate":1,"minecraft:diamond_pickaxe":1,"minecraft:shield":1,"minecraft:stick":100,"minecraft:iron_ingot":61,"minecraft:iron_pickaxe":3,"minecraft:wooden_axe":1,"minecraft:gold_ingot":72,"minecraft:iron_leggings":1,"minecraft:white_bed":1,"minecraft:torch":96}},"DataVersion":3955}