{"stats":{"minecraft:crafted":{"minecraft:cooked_beef":5,"minecraft:oak_door":3,"minecraft:oak_planks":72,"minecraft:cooked_porkchop":20,"minecraft:crafting_table":2,"minecraft:wooden_pickaxe":1,"minecraft:cooked_chicken":6,"minecraft:furnace":4,"minecraft:bucket":1,"minecraft:birch_planks":84,"minecraft:stone_axe":2,"minecraft:air":0,"minecraft:diamond_pickaxe":1,"minecraft:charcoal":13,"minecraft:shield":1,"minecraft:stick":16,"minecraft:iron_ingot":8,"minecraft:iron_pickaxe":1,"minecraft:stone_pickaxe":1,"minecraft:wooden_axe":1,"minecraft:stone_sword":1},"minecraft:used":{"minecraft:water_bucket":2,"minecraft:stone_sword":24,"minecraft:stone_pickaxe":40,"minecraft:oak_planks":44,"minecraft:wooden_pickaxe":3,"minecraft:oak_door":14,"minecraft:dirt":8,"minecraft:crafting_table":7,"minecraft:diamond_pickaxe":1,"minecraft:iron_pickaxe":67,"minecraft:stone_axe":129,"minecraft:furnace":4,"minecraft:cooked_porkchop":2,"minecraft:bucket":3,"minecraft:cooked_beef":4,"minecraft:cobbled_deepslate":1},"minecraft:custom":{"minecraft:interact_with_furnace":40,"minecraft:mob_kills":20,"minecraft:interact_with_crafting_table":23,"minecraft:time_since_death":34251,"minecraft:time_since_rest":34251,"minecraft:sprint_one_cm":44050,"minecraft:damage_taken":425,"minecraft:walk_one_cm":54826,"minecraft:drop":6,"minecraft:damage_dealt":1650,"minecraft:swim_one_cm":121445,"minecraft:fly_one_cm":66261,"minecraft:crouch_one_cm":10180,"minecraft:play_time":34251,"minecraft:sneak_time":5913,"minecraft:walk_under_water_one_cm":16762,"minecraft:jump":496,"minecraft:walk_on_water_one_cm":10437,"minecraft:total_world_time":34251,"minecraft:fall_one_cm":7385},"minecraft:broken":{"minecraft:stone_axe":1},"minecraft:dropped":{"minecraft:lilac":1,"minecraft:feather":7,"minecraft:dirt":1,"minecraft:oak_sapling":1,"minecraft:iron_pickaxe":1},"minecraft:killed":{"minecraft:pig":9,"minecraft:bee":2,"minecraft:chicken":6,"minecraft:cow":3},"minecraft:picked_up":{"minecraft:birch_log":21,"minecraft:charcoal":6,"minecraft:crafting_table":6,"minecraft:feather":7,"minecraft:lilac":1,"minecraft:chicken":6,"minecraft:leather":2,"minecraft:birch_planks":18,"minecraft:oak_log":60,"minecraft:dirt":16,"minecraft:cobbled_deepslate":4,"minecraft:beef":5,"minecraft:iron_pickaxe":1,"minecraft:sugar_cane":21,"minecraft:oak_planks":11,"minecraft:furnace":3,"minecraft:stick":2,"minecraft:raw_iron":19,"minecraft:cooked_porkchop":1,"minecraft:oak_door":12,"minecraft:porkchop":21,"minecraft:diamond":11,"minecraft:oak_sapling":1,"minecraft:cobblestone":63},"minecraft:mined":{"minecraft:diamond_ore":1,"minecraft:deepslate_diamond_ore":10,"minecraft:oak_door":12,"minecraft:crafting_table":6,"minecraft:grass_block":2,"minecraft:tall_grass":2,"minecraft:oak_planks":12,"minecraft:sugar_cane":10,"minecraft:furnace":3,"minecraft:birch_log":21,"minecraft:iron_ore":17,"minecraft:lilac":1,"minecraft:bee_nest":1,"minecraft:oak_log":60,"minecraft:deepslate_iron_ore":5,"minecraft:dirt":10,"minecraft:stone":64,"minecraft:oak_leaves":12,"minecraft:deepslate":4}},"DataVersion":3953}