{"stats":{"minecraft:crafted":{"minecraft:oak_door":3,"minecraft:oak_planks":72,"minecraft:cooked_porkchop":2,"minecraft:charcoal":5,"minecraft:shield":1,"minecraft:crafting_table":2,"minecraft:stick":16,"minecraft:iron_pickaxe":1,"minecraft:iron_ingot":8,"minecraft:wooden_pickaxe":1,"minecraft:stone_pickaxe":1,"minecraft:stone_sword":1,"minecraft:furnace":4,"minecraft:birch_planks":56,"minecraft:stone_axe":1,"minecraft:air":0},"minecraft:used":{"minecraft:stone_sword":23,"minecraft:stone_pickaxe":40,"minecraft:iron_pickaxe":27,"minecraft:oak_planks":44,"minecraft:wooden_pickaxe":3,"minecraft:oak_door":6,"minecraft:stone_axe":118,"minecraft:dirt":3,"minecraft:crafting_table":4,"minecraft:furnace":4,"minecraft:cooked_porkchop":2,"minecraft:cobbled_deepslate":1},"minecraft:custom":{"minecraft:time_since_rest":22251,"minecraft:interact_with_furnace":18,"minecraft:sprint_one_cm":29432,"minecraft:damage_taken":262,"minecraft:walk_one_cm":46023,"minecraft:mob_kills":19,"minecraft:drop":1,"minecraft:damage_dealt":1610,"minecraft:interact_with_crafting_table":18,"minecraft:swim_one_cm":54502,"minecraft:fly_one_cm":41074,"minecraft:crouch_one_cm":7804,"minecraft:play_time":22251,"minecraft:sneak_time":4406,"minecraft:walk_under_water_one_cm":8295,"minecraft:jump":350,"minecraft:walk_on_water_one_cm":4259,"minecraft:time_since_death":22251,"minecraft:total_world_time":22251,"minecraft:fall_one_cm":4089},"minecraft:dropped":{"minecraft:dirt":1},"minecraft:killed":{"minecraft:bee":2,"minecraft:pig":9,"minecraft:chicken":5,"minecraft:cow":3},"minecraft:picked_up":{"minecraft:feather":6,"minecraft:birch_log":21,"minecraft:lilac":1,"minecraft:raw_iron":10,"minecraft:stick":2,"minecraft:crafting_table":2,"minecraft:chicken":5,"minecraft:oak_door":5,"minecraft:leather":2,"minecraft:porkchop":21,"minecraft:oak_log":60,"minecraft:dirt":16,"minecraft:diamond":2,"minecraft:cobbled_deepslate":1,"minecraft:beef":5,"minecraft:oak_sapling":1,"minecraft:sugar_cane":21,"minecraft:oak_planks":11,"minecraft:cobblestone":46},"minecraft:mined":{"minecraft:diamond_ore":1,"minecraft:deepslate_diamond_ore":1,"minecraft:oak_door":5,"minecraft:birch_log":21,"minecraft:iron_ore":13,"minecraft:lilac":1,"minecraft:bee_nest":1,"minecraft:crafting_table":2,"minecraft:grass_block":2,"minecraft:oak_log":60,"minecraft:dirt":10,"minecraft:tall_grass":2,"minecraft:stone":47,"minecraft:sugar_cane":10,"minecraft:oak_planks":12,"minecraft:oak_leaves":12,"minecraft:deepslate":1}},"DataVersion":3953}