{"stats":{"minecraft:crafted":{"minecraft:cooked_beef":5,"minecraft:oak_door":3,"minecraft:oak_planks":188,"minecraft:cooked_porkchop":20,"minecraft:crafting_table":2,"minecraft:wooden_pickaxe":1,"minecraft:cooked_chicken":6,"minecraft:furnace":4,"minecraft:bucket":1,"minecraft:birch_planks":84,"minecraft:stone_axe":2,"minecraft:air":0,"minecraft:diamond_helmet":1,"minecraft:diamond_pickaxe":1,"minecraft:charcoal":13,"minecraft:shield":1,"minecraft:stick":16,"minecraft:iron_ingot":8,"minecraft:iron_pickaxe":1,"minecraft:stone_pickaxe":1,"minecraft:wooden_axe":1,"minecraft:stone_sword":1,"minecraft:diamond_boots":1,"minecraft:diamond_chestplate":1},"minecraft:used":{"minecraft:water_bucket":8,"minecraft:stone_sword":77,"minecraft:birch_planks":60,"minecraft:stone_pickaxe":40,"minecraft:oak_planks":111,"minecraft:wooden_pickaxe":3,"minecraft:cooked_chicken":6,"minecraft:oak_door":14,"minecraft:dirt":15,"minecraft:crafting_table":8,"minecraft:diamond_pickaxe":1,"minecraft:iron_pickaxe":125,"minecraft:stone_axe":134,"minecraft:cobblestone":20,"minecraft:furnace":4,"minecraft:cooked_porkchop":7,"minecraft:bucket":9,"minecraft:cooked_beef":5,"minecraft:cobbled_deepslate":17},"minecraft:custom":{"minecraft:interact_with_furnace":40,"minecraft:mob_kills":32,"minecraft:interact_with_crafting_table":27,"minecraft:time_since_death":58251,"minecraft:time_since_rest":58251,"minecraft:sprint_one_cm":121926,"minecraft:damage_taken":1354,"minecraft:walk_one_cm":90386,"minecraft:drop":6,"minecraft:damage_dealt":3965,"minecraft:swim_one_cm":122489,"minecraft:fly_one_cm":135980,"minecraft:open_chest":5,"minecraft:crouch_one_cm":26316,"minecraft:play_time":58251,"minecraft:sneak_time":11038,"minecraft:walk_under_water_one_cm":29794,"minecraft:jump":956,"minecraft:walk_on_water_one_cm":24960,"minecraft:total_world_time":58251,"minecraft:fall_one_cm":18547},"minecraft:broken":{"minecraft:stone_axe":1},"minecraft:dropped":{"minecraft:lilac":1,"minecraft:feather":7,"minecraft:dirt":1,"minecraft:oak_sapling":1,"minecraft:iron_pickaxe":1},"minecraft:killed":{"minecraft:cave_spider":3,"minecraft:pig":9,"minecraft:zombie_villager":1,"minecraft:spider":2,"minecraft:zombie":6,"minecraft:bee":2,"minecraft:chicken":6,"minecraft:cow":3},"minecraft:picked_up":{"minecraft:birch_log":21,"minecraft:charcoal":6,"minecraft:crafting_table":7,"minecraft:feather":7,"minecraft:lilac":1,"minecraft:chicken":6,"minecraft:leather":2,"minecraft:potato":1,"minecraft:birch_planks":18,"minecraft:oak_log":60,"minecraft:string":5,"minecraft:dirt":16,"minecraft:cobbled_deepslate":23,"minecraft:beef":5,"minecraft:iron_pickaxe":1,"minecraft:sugar_cane":21,"minecraft:oak_planks":13,"minecraft:furnace":3,"minecraft:stick":2,"minecraft:raw_iron":21,"minecraft:cooked_porkchop":1,"minecraft:oak_door":12,"minecraft:porkchop":21,"minecraft:polished_tuff":2,"minecraft:rotten_flesh":6,"minecraft:diamond":26,"minecraft:tuff_bricks":7,"minecraft:oak_sapling":1,"minecraft:cobblestone":66},"minecraft:mined":{"minecraft:diamond_ore":1,"minecraft:deepslate_diamond_ore":25,"minecraft:oak_door":12,"minecraft:crafting_table":7,"minecraft:grass_block":2,"minecraft:cobblestone":2,"minecraft:tall_grass":2,"minecraft:oak_planks":14,"minecraft:sugar_cane":10,"minecraft:tuff_bricks":7,"minecraft:spawner":1,"minecraft:furnace":3,"minecraft:birch_log":21,"minecraft:iron_ore":17,"minecraft:polished_tuff":2,"minecraft:lilac":1,"minecraft:bee_nest":1,"minecraft:oak_log":60,"minecraft:deepslate_iron_ore":7,"minecraft:dirt":10,"minecraft:cobweb":2,"minecraft:stone":65,"minecraft:oak_leaves":12,"minecraft:deepslate":28}},"DataVersion":3953}