{"stats":{"minecraft:crafted":{"minecraft:cooked_beef":5,"minecraft:oak_door":3,"minecraft:oak_planks":188,"minecraft:diamond_sword":1,"minecraft:cooked_porkchop":20,"minecraft:crafting_table":2,"minecraft:wooden_pickaxe":1,"minecraft:cooked_chicken":6,"minecraft:furnace":4,"minecraft:bucket":1,"minecraft:birch_planks":84,"minecraft:stone_axe":2,"minecraft:air":0,"minecraft:diamond_helmet":1,"minecraft:diamond_pickaxe":1,"minecraft:charcoal":13,"minecraft:shield":1,"minecraft:stick":16,"minecraft:iron_ingot":8,"minecraft:iron_pickaxe":1,"minecraft:stone_pickaxe":1,"minecraft:wooden_axe":1,"minecraft:stone_sword":1,"minecraft:diamond_boots":1,"minecraft:iron_leggings":1,"minecraft:diamond_chestplate":1},"minecraft:used":{"minecraft:water_bucket":8,"minecraft:stone_sword":112,"minecraft:birch_planks":60,"minecraft:stone_pickaxe":40,"minecraft:oak_planks":123,"minecraft:shield":5,"minecraft:wooden_pickaxe":3,"minecraft:cooked_chicken":6,"minecraft:trial_key":1,"minecraft:oak_door":15,"minecraft:dirt":15,"minecraft:crafting_table":9,"minecraft:diamond_pickaxe":1,"minecraft:iron_pickaxe":129,"minecraft:stone_axe":136,"minecraft:diamond_sword":170,"minecraft:cobblestone":20,"minecraft:ominous_bottle":1,"minecraft:furnace":4,"minecraft:cooked_porkchop":19,"minecraft:bucket":9,"minecraft:cooked_beef":5,"minecraft:cobbled_deepslate":17,"minecraft:iron_leggings":1},"minecraft:custom":{"minecraft:interact_with_furnace":40,"minecraft:mob_kills":86,"minecraft:interact_with_crafting_table":31,"minecraft:open_barrel":7,"minecraft:time_since_death":82251,"minecraft:climb_one_cm":7805,"minecraft:time_since_rest":82251,"minecraft:damage_blocked_by_shield":75,"minecraft:sprint_one_cm":212519,"minecraft:damage_taken":2331,"minecraft:walk_one_cm":151188,"minecraft:drop":26,"minecraft:damage_dealt":11506,"minecraft:swim_one_cm":129660,"minecraft:fly_one_cm":182682,"minecraft:open_chest":17,"minecraft:crouch_one_cm":28918,"minecraft:play_time":82251,"minecraft:sneak_time":11689,"minecraft:walk_under_water_one_cm":34642,"minecraft:jump":1261,"minecraft:walk_on_water_one_cm":44866,"minecraft:total_world_time":82251,"minecraft:fall_one_cm":25398},"minecraft:broken":{"minecraft:stone_axe":1},"minecraft:dropped":{"minecraft:furnace":3,"minecraft:tuff_bricks":7,"minecraft:baked_potato":2,"minecraft:birch_planks":1,"minecraft:lilac":1,"minecraft:stone_sword":1,"minecraft:ender_pearl":4,"minecraft:cooked_porkchop":6,"minecraft:feather":7,"minecraft:rotten_flesh":8,"minecraft:polished_tuff":4,"minecraft:leather":2,"minecraft:stick":2,"minecraft:tipped_arrow":6,"minecraft:potato":1,"minecraft:dirt":1,"minecraft:gunpowder":8,"minecraft:wooden_axe":1,"minecraft:oak_sapling":1,"minecraft:stone_pickaxe":1,"minecraft:iron_pickaxe":1,"minecraft:scaffolding":9,"minecraft:string":7,"minecraft:brick":64},"minecraft:killed":{"minecraft:cave_spider":12,"minecraft:pig":9,"minecraft:zombie_villager":1,"minecraft:spider":28,"minecraft:skeleton":12,"minecraft:zombie":7,"minecraft:bee":2,"minecraft:chicken":6,"minecraft:breeze":2,"minecraft:cow":3},"minecraft:picked_up":{"minecraft:birch_log":21,"minecraft:charcoal":6,"minecraft:crafting_table":8,"minecraft:feather":7,"minecraft:lilac":1,"minecraft:ominous_bottle":1,"minecraft:chicken":6,"minecraft:enchanted_book":1,"minecraft:leather":2,"minecraft:potion":1,"minecraft:potato":1,"minecraft:birch_planks":18,"minecraft:oak_log":60,"minecraft:brick":64,"minecraft:wind_charge":5,"minecraft:string":20,"minecraft:dirt":16,"minecraft:bone":6,"minecraft:cobbled_deepslate":29,"minecraft:trial_key":6,"minecraft:iron_ingot":14,"minecraft:beef":5,"minecraft:cooked_chicken":1,"minecraft:iron_pickaxe":1,"minecraft:sugar_cane":21,"minecraft:oak_planks":13,"minecraft:furnace":6,"minecraft:tipped_arrow":6,"minecraft:stick":2,"minecraft:raw_iron":21,"minecraft:emerald_block":2,"minecraft:cooked_porkchop":7,"minecraft:oak_door":13,"minecraft:porkchop":21,"minecraft:spider_eye":14,"minecraft:polished_tuff":4,"minecraft:arrow":5,"minecraft:rotten_flesh":8,"minecraft:diamond":30,"minecraft:breeze_rod":3,"minecraft:emerald":23,"minecraft:baked_potato":2,"minecraft:tuff_bricks":7,"minecraft:oak_sapling":1,"minecraft:cobblestone":124},"minecraft:mined":{"minecraft:diamond_ore":1,"minecraft:deepslate_diamond_ore":25,"minecraft:oak_door":13,"minecraft:crafting_table":8,"minecraft:grass_block":2,"minecraft:decorated_pot":33,"minecraft:cobblestone":2,"minecraft:tall_grass":2,"minecraft:oak_planks":14,"minecraft:sugar_cane":10,"minecraft:tuff_bricks":7,"minecraft:spawner":2,"minecraft:waxed_copper_bulb":2,"minecraft:furnace":3,"minecraft:birch_log":21,"minecraft:iron_ore":17,"minecraft:polished_tuff":2,"minecraft:lilac":1,"minecraft:bee_nest":1,"minecraft:chiseled_tuff":1,"minecraft:oak_log":60,"minecraft:deepslate_iron_ore":7,"minecraft:dirt":10,"minecraft:cobweb":21,"minecraft:stone":65,"minecraft:oak_leaves":12,"minecraft:deepslate":28}},"DataVersion":3953}