{"stats":{"minecraft:crafted":{"minecraft:oak_door":3,"minecraft:oak_planks":56,"minecraft:crafting_table":1,"minecraft:stick":16,"minecraft:iron_pickaxe":1,"minecraft:iron_ingot":3,"minecraft:wooden_pickaxe":1,"minecraft:stone_pickaxe":1,"minecraft:stone_sword":1,"minecraft:furnace":1,"minecraft:birch_planks":8,"minecraft:stone_axe":1,"minecraft:air":0},"minecraft:used":{"minecraft:stone_pickaxe":22,"minecraft:iron_pickaxe":1,"minecraft:oak_planks":37,"minecraft:wooden_pickaxe":3,"minecraft:oak_door":2,"minecraft:stone_axe":26,"minecraft:dirt":3,"minecraft:crafting_table":3,"minecraft:furnace":1,"minecraft:cobbled_deepslate":1},"minecraft:custom":{"minecraft:time_since_rest":10251,"minecraft:interact_with_furnace":4,"minecraft:sprint_one_cm":9487,"minecraft:damage_taken":242,"minecraft:walk_one_cm":9270,"minecraft:drop":1,"minecraft:damage_dealt":10,"minecraft:interact_with_crafting_table":13,"minecraft:swim_one_cm":30573,"minecraft:fly_one_cm":9975,"minecraft:crouch_one_cm":2571,"minecraft:play_time":10251,"minecraft:sneak_time":1928,"minecraft:walk_under_water_one_cm":5311,"minecraft:jump":103,"minecraft:walk_on_water_one_cm":2520,"minecraft:time_since_death":10251,"minecraft:total_world_time":10251,"minecraft:fall_one_cm":1372},"minecraft:dropped":{"minecraft:dirt":1},"minecraft:picked_up":{"minecraft:birch_log":2,"minecraft:raw_iron":5,"minecraft:stick":1,"minecraft:crafting_table":2,"minecraft:oak_door":1,"minecraft:oak_log":14,"minecraft:dirt":4,"minecraft:diamond":1,"minecraft:cobbled_deepslate":1,"minecraft:oak_planks":9,"minecraft:cobblestone":18},"minecraft:mined":{"minecraft:diamond_ore":1,"minecraft:oak_door":1,"minecraft:birch_log":2,"minecraft:iron_ore":5,"minecraft:crafting_table":2,"minecraft:oak_log":14,"minecraft:stone":19,"minecraft:oak_planks":10,"minecraft:oak_leaves":7,"minecraft:deepslate":1}},"DataVersion":3953}