{"stats":{"minecraft:killed":{"minecraft:pig":22,"minecraft:spider":3,"minecraft:creeper":3,"minecraft:sheep":12,"minecraft:skeleton":16,"minecraft:pillager":2,"minecraft:zombie":21,"minecraft:chicken":6,"minecraft:drowned":2,"minecraft:cow":10},"minecraft:crafted":{"minecraft:cooked_beef":19,"minecraft:oak_door":3,"minecraft:oak_planks":88,"minecraft:cooked_porkchop":48,"minecraft:crafting_table":2,"minecraft:cooked_chicken":3,"minecraft:iron_helmet":1,"minecraft:wooden_pickaxe":1,"minecraft:furnace":2,"minecraft:bucket":1,"minecraft:stone_axe":1,"minecraft:cooked_mutton":6,"minecraft:air":0,"minecraft:jungle_planks":40,"minecraft:oak_trapdoor":2,"minecraft:iron_chestplate":1,"minecraft:iron_boots":1,"minecraft:diamond_pickaxe":1,"minecraft:shield":1,"minecraft:iron_axe":2,"minecraft:ladder":18,"minecraft:stick":100,"minecraft:iron_ingot":61,"minecraft:iron_pickaxe":3,"minecraft:stone_pickaxe":1,"minecraft:wooden_axe":1,"minecraft:chest":5,"minecraft:iron_leggings":1,"minecraft:white_bed":1,"minecraft:torch":96},"minecraft:mined":{"minecraft:deepslate_redstone_ore":3,"minecraft:tuff":30,"minecraft:white_bed":3,"minecraft:deepslate_diamond_ore":19,"minecraft:oak_door":10,"minecraft:jungle_leaves":8,"minecraft:crafting_table":12,"minecraft:torch":1,"minecraft:granite":9,"minecraft:short_grass":14,"minecraft:grass_block":1,"minecraft:melon":13,"minecraft:jungle_log":12,"minecraft:cobblestone":3,"minecraft:deepslate_gold_ore":4,"minecraft:oak_planks":10,"minecraft:diorite":26,"minecraft:oak_trapdoor":2,"minecraft:furnace":8,"minecraft:iron_ore":62,"minecraft:cobbled_deepslate":3,"minecraft:andesite":12,"minecraft:coal_ore":50,"minecraft:oak_log":22,"minecraft:deepslate_iron_ore":40,"minecraft:vine":16,"minecraft:gravel":15,"minecraft:dirt":6,"minecraft:smooth_basalt":1,"minecraft:stone":52,"minecraft:oak_leaves":2,"minecraft:deepslate":490,"minecraft:fern":2},"minecraft:used":{"minecraft:diorite":11,"minecraft:cooked_mutton":4,"minecraft:oak_trapdoor":2,"minecraft:water_bucket":9,"minecraft:stone_pickaxe":130,"minecraft:ladder":18,"minecraft:oak_planks":13,"minecraft:chest":5,"minecraft:shield":26,"minecraft:wooden_pickaxe":16,"minecraft:cooked_chicken":3,"minecraft:iron_chestplate":1,"minecraft:oak_door":14,"minecraft:torch":73,"minecraft:crafting_table":14,"minecraft:white_bed":3,"minecraft:tuff":16,"minecraft:wooden_axe":23,"minecraft:diamond_pickaxe":7,"minecraft:iron_axe":182,"minecraft:melon_slice":58,"minecraft:iron_pickaxe":679,"minecraft:jungle_log":2,"minecraft:gravel":1,"minecraft:stone_axe":63,"minecraft:cobblestone":10,"minecraft:furnace":10,"minecraft:cooked_porkchop":5,"minecraft:bucket":9,"minecraft:andesite":1,"minecraft:cooked_beef":1,"minecraft:cobbled_deepslate":140},"minecraft:custom":{"minecraft:interact_with_furnace":61,"minecraft:mob_kills":100,"minecraft:interact_with_crafting_table":39,"minecraft:leave_game":1,"minecraft:time_since_death":138037,"minecraft:sleep_in_bed":3,"minecraft:climb_one_cm":6880,"minecraft:time_since_rest":18649,"minecraft:sprint_one_cm":241632,"minecraft:damage_taken":1408,"minecraft:walk_one_cm":203468,"minecraft:damage_blocked_by_shield":778,"minecraft:drop":26,"minecraft:damage_dealt":13908,"minecraft:swim_one_cm":85794,"minecraft:fly_one_cm":409707,"minecraft:open_chest":14,"minecraft:crouch_one_cm":44208,"minecraft:play_time":138037,"minecraft:sneak_time":21715,"minecraft:walk_under_water_one_cm":30070,"minecraft:jump":2337,"minecraft:walk_on_water_one_cm":20113,"minecraft:total_world_time":138037,"minecraft:fall_one_cm":60710},"minecraft:dropped":{"minecraft:gravel":13,"minecraft:wheat_seeds":13,"minecraft:chorus_flower":2,"minecraft:tuff":10,"minecraft:rotten_flesh":4,"minecraft:feather":4,"minecraft:cobblestone":9,"minecraft:dirt":1,"minecraft:gunpowder":1,"minecraft:diorite":15,"minecraft:andesite":5,"minecraft:arrow":25,"minecraft:iron_pickaxe":1,"minecraft:white_wool":1},"minecraft:picked_up":{"minecraft:crafting_table":12,"minecraft:feather":4,"minecraft:ominous_bottle":1,"minecraft:chicken":6,"minecraft:jungle_log":12,"minecraft:andesite":6,"minecraft:leather":9,"minecraft:flint":2,"minecraft:tuff":26,"minecraft:oak_log":22,"minecraft:gunpowder":1,"minecraft:oak_trapdoor":2,"minecraft:dirt":1,"minecraft:white_banner":1,"minecraft:bone":17,"minecraft:wheat_seeds":13,"minecraft:cobbled_deepslate":494,"minecraft:raw_gold":4,"minecraft:beef":19,"minecraft:iron_pickaxe":1,"minecraft:melon_slice":58,"minecraft:oak_planks":10,"minecraft:furnace":8,"minecraft:raw_iron":101,"minecraft:oak_door":12,"minecraft:torch":1,"minecraft:gravel":14,"minecraft:porkchop":48,"minecraft:diorite":26,"minecraft:white_bed":2,"minecraft:rotten_flesh":11,"minecraft:arrow":25,"minecraft:diamond":19,"minecraft:granite":2,"minecraft:mutton":19,"minecraft:coal":49,"minecraft:white_wool":4,"minecraft:cobblestone":41},"minecraft:broken":{"minecraft:stone_pickaxe":1,"minecraft:iron_axe":1,"minecraft:iron_pickaxe":2}},"DataVersion":3955}