{"stats":{"minecraft:crafted":{"minecraft:oak_door":3,"minecraft:oak_planks":188,"minecraft:cooked_chicken":6,"minecraft:furnace":4,"minecraft:diamond_helmet":1,"minecraft:stone_pickaxe":1,"minecraft:diamond_boots":1,"minecraft:cooked_beef":5,"minecraft:diamond_sword":1,"minecraft:cooked_porkchop":20,"minecraft:crafting_table":2,"minecraft:wooden_pickaxe":1,"minecraft:bucket":1,"minecraft:birch_planks":84,"minecraft:stone_axe":2,"minecraft:air":0,"minecraft:charcoal":13,"minecraft:diamond_pickaxe":1,"minecraft:shield":1,"minecraft:stick":16,"minecraft:iron_ingot":8,"minecraft:iron_pickaxe":1,"minecraft:wooden_axe":1,"minecraft:stone_sword":1,"minecraft:iron_leggings":1,"minecraft:diamond_chestplate":1},"minecraft:used":{"minecraft:stone_sword":112,"minecraft:shield":10,"minecraft:cooked_chicken":7,"minecraft:trial_key":2,"minecraft:oak_door":15,"minecraft:dirt":15,"minecraft:ominous_bottle":1,"minecraft:furnace":4,"minecraft:cooked_beef":5,"minecraft:cobbled_deepslate":17,"minecraft:iron_leggings":1,"minecraft:water_bucket":8,"minecraft:birch_planks":60,"minecraft:stone_pickaxe":40,"minecraft:oak_planks":127,"minecraft:wooden_pickaxe":3,"minecraft:golden_apple":1,"minecraft:crafting_table":9,"minecraft:diamond_pickaxe":1,"minecraft:ominous_trial_key":1,"minecraft:bread":1,"minecraft:iron_pickaxe":129,"minecraft:stone_axe":136,"minecraft:diamond_sword":223,"minecraft:cobblestone":20,"minecraft:cooked_porkchop":21,"minecraft:bucket":9},"minecraft:custom":{"minecraft:mob_kills":105,"minecraft:interact_with_crafting_table":31,"minecraft:open_barrel":7,"minecraft:leave_game":1,"minecraft:time_since_death":92548,"minecraft:climb_one_cm":7805,"minecraft:sprint_one_cm":257654,"minecraft:walk_one_cm":189340,"minecraft:damage_blocked_by_shield":205,"minecraft:drop":33,"minecraft:play_time":92548,"minecraft:sneak_time":11886,"minecraft:walk_under_water_one_cm":34642,"minecraft:jump":1397,"minecraft:walk_on_water_one_cm":44866,"minecraft:total_world_time":92548,"minecraft:interact_with_furnace":40,"minecraft:time_since_rest":92548,"minecraft:damage_taken":2756,"minecraft:damage_absorbed":38,"minecraft:damage_dealt":13990,"minecraft:fly_one_cm":203461,"minecraft:swim_one_cm":129660,"minecraft:open_chest":19,"minecraft:crouch_one_cm":29564,"minecraft:fall_one_cm":28759},"minecraft:broken":{"minecraft:stone_axe":1},"minecraft:dropped":{"minecraft:birch_planks":1,"minecraft:lilac":1,"minecraft:baked_potato":2,"minecraft:ender_pearl":4,"minecraft:cooked_porkchop":6,"minecraft:feather":7,"minecraft:polished_tuff":4,"minecraft:leather":2,"minecraft:red_mushroom":1,"minecraft:stick":2,"minecraft:dirt":1,"minecraft:wooden_axe":1,"minecraft:iron_pickaxe":1,"minecraft:string":7,"minecraft:furnace":3,"minecraft:tuff_bricks":7,"minecraft:cobbled_deepslate":6,"minecraft:stone_sword":1,"minecraft:rotten_flesh":8,"minecraft:potato":1,"minecraft:tipped_arrow":10,"minecraft:gunpowder":8,"minecraft:trial_key":2,"minecraft:oak_sapling":1,"minecraft:arrow":20,"minecraft:stone_pickaxe":1,"minecraft:scaffolding":9,"minecraft:brick":64},"minecraft:killed":{"minecraft:cave_spider":22,"minecraft:spider":29,"minecraft:skeleton":16,"minecraft:bee":2,"minecraft:chicken":6,"minecraft:pig":9,"minecraft:zombie_villager":1,"minecraft:zombie":7,"minecraft:breeze":5,"minecraft:cow":3},"minecraft:picked_up":{"minecraft:charcoal":6,"minecraft:crafting_table":8,"minecraft:ominous_bottle":1,"minecraft:chicken":10,"minecraft:potion":1,"minecraft:enchanted_book":1,"minecraft:brick":64,"minecraft:wind_charge":14,"minecraft:string":27,"minecraft:cobbled_deepslate":29,"minecraft:beef":5,"minecraft:trial_key":6,"minecraft:iron_pickaxe":1,"minecraft:sugar_cane":21,"minecraft:furnace":6,"minecraft:tipped_arrow":10,"minecraft:raw_iron":21,"minecraft:stick":2,"minecraft:oak_door":13,"minecraft:porkchop":21,"minecraft:diamond_chestplate":1,"minecraft:arrow":20,"minecraft:rotten_flesh":8,"minecraft:flow_armor_trim_smithing_template":1,"minecraft:tuff_bricks":7,"minecraft:cobblestone":124,"minecraft:birch_log":21,"minecraft:lilac":1,"minecraft:feather":7,"minecraft:cooked_beef":10,"minecraft:leather":2,"minecraft:red_mushroom":1,"minecraft:potato":1,"minecraft:birch_planks":18,"minecraft:oak_log":60,"minecraft:dirt":16,"minecraft:bone":8,"minecraft:iron_ingot":17,"minecraft:cooked_chicken":1,"minecraft:glass_bottle":1,"minecraft:oak_planks":13,"minecraft:emerald_block":2,"minecraft:cooked_porkchop":7,"minecraft:spider_eye":19,"minecraft:polished_tuff":4,"minecraft:diamond":30,"minecraft:crossbow":1,"minecraft:breeze_rod":7,"minecraft:emerald":28,"minecraft:baked_potato":2,"minecraft:oak_sapling":1,"minecraft:ominous_trial_key":1},"minecraft:mined":{"minecraft:diamond_ore":1,"minecraft:deepslate_diamond_ore":25,"minecraft:oak_door":13,"minecraft:grass_block":2,"minecraft:decorated_pot":34,"minecraft:red_mushroom":1,"minecraft:tuff_bricks":7,"minecraft:spawner":2,"minecraft:furnace":3,"minecraft:iron_ore":17,"minecraft:fire":1,"minecraft:polished_tuff":2,"minecraft:chiseled_tuff":1,"minecraft:deepslate_iron_ore":7,"minecraft:stone":65,"minecraft:crafting_table":8,"minecraft:tall_grass":2,"minecraft:cobblestone":2,"minecraft:sugar_cane":10,"minecraft:oak_planks":14,"minecraft:waxed_copper_bulb":2,"minecraft:birch_log":21,"minecraft:lilac":1,"minecraft:bee_nest":1,"minecraft:oak_log":60,"minecraft:dirt":10,"minecraft:cobweb":21,"minecraft:oak_leaves":12,"minecraft:deepslate":28}},"DataVersion":3953}