{"stats":{"minecraft:picked_up":{"minecraft:birch_log":3,"minecraft:rotten_flesh":4,"minecraft:oak_log":1,"minecraft:iron_sword":1},"minecraft:custom":{"minecraft:time_since_rest":2607,"minecraft:play_time":5960,"minecraft:sprint_one_cm":6443,"minecraft:damage_taken":95,"minecraft:walk_one_cm":21179,"minecraft:sneak_time":12,"minecraft:mob_kills":2,"minecraft:drop":3,"minecraft:jump":34,"minecraft:damage_dealt":226,"minecraft:time_since_death":5960,"minecraft:sleep_in_bed":1,"minecraft:total_world_time":5960,"minecraft:interact_with_crafting_table":3,"minecraft:fall_one_cm":962,"minecraft:fly_one_cm":4483},"minecraft:killed":{"minecraft:zombie":1,"minecraft:zombie_villager":1},"minecraft:used":{"minecraft:melon_slice":3,"minecraft:birch_log":1,"minecraft:iron_sword":6},"minecraft:mined":{"minecraft:oak_log":1,"minecraft:birch_log":3},"minecraft:dropped":{"minecraft:rotten_flesh":23,"minecraft:iron_sword":2},"minecraft:crafted":{"minecraft:iron_sword":3,"minecraft:birch_planks":4,"minecraft:crafting_table":1}},"DataVersion":3955}