{"stats":{"minecraft:picked_up":{"minecraft:wooden_axe":1,"minecraft:birch_log":3,"minecraft:crafting_table":1,"minecraft:wooden_pickaxe":1,"minecraft:torch":1,"minecraft:oak_log":1,"minecraft:shield":1,"minecraft:white_bed":1,"minecraft:oak_trapdoor":2,"minecraft:dirt":1,"minecraft:cooked_mutton":1,"minecraft:rotten_flesh":5,"minecraft:diamond":3,"minecraft:wheat_seeds":2,"minecraft:cobbled_deepslate":18,"minecraft:bamboo":20,"minecraft:oak_sapling":1,"minecraft:coal":5,"minecraft:iron_sword":1,"minecraft:cobblestone":5},"minecraft:custom":{"minecraft:time_since_rest":291,"minecraft:interact_with_furnace":31,"minecraft:sprint_one_cm":61548,"minecraft:damage_taken":1660,"minecraft:walk_one_cm":111908,"minecraft:mob_kills":2,"minecraft:drop":54,"minecraft:damage_dealt":777,"minecraft:fly_one_cm":35100,"minecraft:interact_with_crafting_table":10,"minecraft:player_kills":3,"minecraft:open_chest":10,"minecraft:crouch_one_cm":6,"minecraft:play_time":29960,"minecraft:deaths":4,"minecraft:sneak_time":33,"minecraft:walk_under_water_one_cm":2464,"minecraft:jump":289,"minecraft:time_since_death":234,"minecraft:walk_on_water_one_cm":7033,"minecraft:sleep_in_bed":1,"minecraft:total_world_time":29960,"minecraft:fall_one_cm":7035},"minecraft:killed":{"minecraft:zombie":1,"minecraft:zombie_villager":1},"minecraft:used":{"minecraft:melon_slice":24,"minecraft:iron_sword":14,"minecraft:diamond_sword":5,"minecraft:cobblestone":3,"minecraft:crafting_table":2,"minecraft:birch_log":1,"minecraft:white_bed":1},"minecraft:mined":{"minecraft:white_bed":1,"minecraft:birch_log":3,"minecraft:crafting_table":1,"minecraft:torch":1,"minecraft:oak_log":1},"minecraft:killed_by":{"minecraft:player":4},"minecraft:dropped":{"minecraft:dirt":1,"minecraft:iron_sword":2,"minecraft:oak_trapdoor":2,"minecraft:wheat_seeds":1,"minecraft:diorite":2,"minecraft:cobbled_deepslate":18,"minecraft:diamond":17,"minecraft:melon_slice":13,"minecraft:oak_sapling":1,"minecraft:rotten_flesh":23,"minecraft:bamboo":41,"minecraft:salmon":2,"minecraft:coal":5},"minecraft:crafted":{"minecraft:diamond_sword":1,"minecraft:iron_chestplate":1,"minecraft:shield":1,"minecraft:crafting_table":1,"minecraft:iron_ingot":8,"minecraft:iron_helmet":1,"minecraft:iron_sword":3,"minecraft:iron_leggings":1,"minecraft:birch_planks":4,"minecraft:cooked_mutton":2,"minecraft:cooked_beef":9}},"DataVersion":3955}