{"stats":{"minecraft:broken":{"minecraft:golden_chestplate":1},"minecraft:picked_up":{"minecraft:wooden_axe":1,"minecraft:birch_log":3,"minecraft:iron_chestplate":1,"minecraft:crafting_table":1,"minecraft:cooked_beef":2,"minecraft:basalt":18,"minecraft:nether_wart":1,"minecraft:wooden_pickaxe":1,"minecraft:potion":1,"minecraft:oak_log":1,"minecraft:shield":1,"minecraft:dirt":1,"minecraft:oak_trapdoor":2,"minecraft:iron_leggings":1,"minecraft:twisting_vines":1,"minecraft:cooked_mutton":5,"minecraft:wheat_seeds":2,"minecraft:gold_nugget":15,"minecraft:cobbled_deepslate":18,"minecraft:stone_pickaxe":4,"minecraft:glowstone_dust":28,"minecraft:iron_pickaxe":2,"minecraft:bamboo":20,"minecraft:melon_slice":32,"minecraft:iron_sword":1,"minecraft:iron_boots":2,"minecraft:torch":1,"minecraft:quartz":1,"minecraft:white_bed":1,"minecraft:golden_chestplate":2,"minecraft:rotten_flesh":43,"minecraft:diamond":3,"minecraft:stone_axe":2,"minecraft:warped_roots":1,"minecraft:oak_sapling":1,"minecraft:blaze_rod":2,"minecraft:netherrack":41,"minecraft:coal":5,"minecraft:cobblestone":6,"minecraft:ender_pearl":2},"minecraft:custom":{"minecraft:interact_with_furnace":33,"minecraft:mob_kills":4,"minecraft:interact_with_crafting_table":13,"minecraft:time_since_death":1011,"minecraft:sleep_in_bed":1,"minecraft:climb_one_cm":743,"minecraft:time_since_rest":1045,"minecraft:sprint_one_cm":127051,"minecraft:damage_taken":4518,"minecraft:walk_one_cm":273372,"minecraft:drop":61,"minecraft:damage_dealt":1178,"minecraft:fly_one_cm":87833,"minecraft:player_kills":4,"minecraft:open_chest":20,"minecraft:crouch_one_cm":21,"minecraft:play_time":77960,"minecraft:deaths":13,"minecraft:sneak_time":192,"minecraft:walk_under_water_one_cm":2464,"minecraft:jump":846,"minecraft:walk_on_water_one_cm":7033,"minecraft:total_world_time":77960,"minecraft:fall_one_cm":22967},"minecraft:killed":{"minecraft:zombie_villager":1,"minecraft:zombie":1,"minecraft:blaze":1,"minecraft:enderman":1},"minecraft:used":{"minecraft:cooked_mutton":3,"minecraft:stone_pickaxe":3,"minecraft:ender_pearl":1,"minecraft:iron_sword":14,"minecraft:netherrack":10,"minecraft:warped_roots":1,"minecraft:crafting_table":2,"minecraft:twisting_vines":1,"minecraft:white_bed":1,"minecraft:golden_chestplate":2,"minecraft:chicken":2,"minecraft:melon_slice":30,"minecraft:iron_pickaxe":41,"minecraft:stone_axe":7,"minecraft:basalt":12,"minecraft:potion":1,"minecraft:diamond_sword":5,"minecraft:cobblestone":3,"minecraft:beef":4,"minecraft:birch_log":1,"minecraft:cooked_beef":2,"minecraft:cobbled_deepslate":8},"minecraft:mined":{"minecraft:nether_gold_ore":2,"minecraft:white_bed":1,"minecraft:twisting_vines_plant":1,"minecraft:basalt":15,"minecraft:crafting_table":1,"minecraft:torch":1,"minecraft:nether_quartz_ore":1,"minecraft:glowstone":10,"minecraft:nether_sprouts":1,"minecraft:birch_log":3,"minecraft:twisting_vines":1,"minecraft:oak_log":1,"minecraft:netherrack":16},"minecraft:killed_by":{"minecraft:player":5,"minecraft:zombified_piglin":1,"minecraft:blaze":1},"minecraft:dropped":{"minecraft:iron_sword":2,"minecraft:wheat_seeds":1,"minecraft:oak_trapdoor":2,"minecraft:nether_wart":1,"minecraft:cobbled_deepslate":18,"minecraft:diamond":17,"minecraft:cobblestone":1,"minecraft:rotten_flesh":23,"minecraft:salmon":2,"minecraft:coal":5,"minecraft:dirt":1,"minecraft:diorite":2,"minecraft:melon_slice":13,"minecraft:oak_sapling":1,"minecraft:bamboo":41,"minecraft:basalt":3,"minecraft:stone_pickaxe":2},"minecraft:crafted":{"minecraft:cooked_beef":11,"minecraft:diamond_sword":1,"minecraft:crafting_table":1,"minecraft:iron_helmet":2,"minecraft:iron_sword":3,"minecraft:birch_planks":4,"minecraft:cooked_mutton":2,"minecraft:iron_boots":1,"minecraft:iron_chestplate":2,"minecraft:shield":1,"minecraft:iron_ingot":41,"minecraft:iron_leggings":2}},"DataVersion":3955}