{"stats":{"minecraft:picked_up":{"minecraft:wooden_axe":1,"minecraft:birch_log":3,"minecraft:crafting_table":1,"minecraft:basalt":3,"minecraft:wooden_pickaxe":1,"minecraft:oak_log":1,"minecraft:shield":1,"minecraft:dirt":1,"minecraft:oak_trapdoor":2,"minecraft:twisting_vines":1,"minecraft:cooked_mutton":4,"minecraft:wheat_seeds":2,"minecraft:cobbled_deepslate":18,"minecraft:stone_pickaxe":2,"minecraft:iron_pickaxe":1,"minecraft:bamboo":20,"minecraft:iron_sword":1,"minecraft:iron_boots":1,"minecraft:torch":1,"minecraft:white_bed":1,"minecraft:golden_chestplate":1,"minecraft:rotten_flesh":5,"minecraft:diamond":3,"minecraft:stone_axe":1,"minecraft:warped_roots":1,"minecraft:oak_sapling":1,"minecraft:netherrack":15,"minecraft:coal":5,"minecraft:cobblestone":6,"minecraft:ender_pearl":1},"minecraft:custom":{"minecraft:interact_with_furnace":31,"minecraft:mob_kills":3,"minecraft:interact_with_crafting_table":10,"minecraft:time_since_death":15815,"minecraft:sleep_in_bed":1,"minecraft:climb_one_cm":743,"minecraft:time_since_rest":15880,"minecraft:sprint_one_cm":95469,"minecraft:damage_taken":2079,"minecraft:walk_one_cm":188069,"minecraft:drop":60,"minecraft:damage_dealt":1125,"minecraft:fly_one_cm":59580,"minecraft:player_kills":4,"minecraft:open_chest":10,"minecraft:crouch_one_cm":17,"minecraft:play_time":53960,"minecraft:deaths":5,"minecraft:sneak_time":143,"minecraft:walk_under_water_one_cm":2464,"minecraft:jump":552,"minecraft:walk_on_water_one_cm":7033,"minecraft:total_world_time":53960,"minecraft:fall_one_cm":15888},"minecraft:killed":{"minecraft:zombie_villager":1,"minecraft:zombie":1,"minecraft:enderman":1},"minecraft:used":{"minecraft:cooked_mutton":3,"minecraft:stone_pickaxe":3,"minecraft:iron_sword":14,"minecraft:netherrack":10,"minecraft:warped_roots":1,"minecraft:crafting_table":2,"minecraft:twisting_vines":1,"minecraft:white_bed":1,"minecraft:golden_chestplate":1,"minecraft:melon_slice":24,"minecraft:iron_pickaxe":11,"minecraft:stone_axe":7,"minecraft:diamond_sword":5,"minecraft:cobblestone":3,"minecraft:birch_log":1},"minecraft:mined":{"minecraft:white_bed":1,"minecraft:twisting_vines_plant":1,"minecraft:basalt":1,"minecraft:crafting_table":1,"minecraft:torch":1,"minecraft:nether_sprouts":1,"minecraft:birch_log":3,"minecraft:twisting_vines":1,"minecraft:oak_log":1,"minecraft:netherrack":13},"minecraft:killed_by":{"minecraft:player":4},"minecraft:dropped":{"minecraft:iron_sword":2,"minecraft:wheat_seeds":1,"minecraft:oak_trapdoor":2,"minecraft:cobbled_deepslate":18,"minecraft:diamond":17,"minecraft:cobblestone":1,"minecraft:rotten_flesh":23,"minecraft:salmon":2,"minecraft:coal":5,"minecraft:dirt":1,"minecraft:diorite":2,"minecraft:melon_slice":13,"minecraft:oak_sapling":1,"minecraft:bamboo":41,"minecraft:basalt":3,"minecraft:stone_pickaxe":2},"minecraft:crafted":{"minecraft:cooked_beef":9,"minecraft:diamond_sword":1,"minecraft:crafting_table":1,"minecraft:iron_helmet":1,"minecraft:iron_sword":3,"minecraft:birch_planks":4,"minecraft:cooked_mutton":2,"minecraft:iron_chestplate":1,"minecraft:shield":1,"minecraft:iron_ingot":8,"minecraft:iron_leggings":1}},"DataVersion":3955}