{"stats":{"minecraft:picked_up":{"minecraft:wooden_axe":1,"minecraft:birch_log":3,"minecraft:crafting_table":1,"minecraft:wooden_pickaxe":1,"minecraft:torch":1,"minecraft:oak_log":1,"minecraft:white_bed":1,"minecraft:dirt":1,"minecraft:cooked_mutton":1,"minecraft:rotten_flesh":5,"minecraft:diamond":3,"minecraft:wheat_seeds":1,"minecraft:iron_sword":1,"minecraft:cobblestone":5},"minecraft:custom":{"minecraft:time_since_rest":14607,"minecraft:interact_with_furnace":10,"minecraft:sprint_one_cm":35060,"minecraft:damage_taken":465,"minecraft:walk_one_cm":54942,"minecraft:mob_kills":2,"minecraft:drop":7,"minecraft:damage_dealt":496,"minecraft:fly_one_cm":16986,"minecraft:interact_with_crafting_table":6,"minecraft:player_kills":2,"minecraft:open_chest":3,"minecraft:crouch_one_cm":6,"minecraft:play_time":17960,"minecraft:sneak_time":30,"minecraft:walk_under_water_one_cm":2464,"minecraft:jump":158,"minecraft:time_since_death":17960,"minecraft:walk_on_water_one_cm":7033,"minecraft:sleep_in_bed":1,"minecraft:total_world_time":17960,"minecraft:fall_one_cm":4201},"minecraft:killed":{"minecraft:zombie":1,"minecraft:zombie_villager":1},"minecraft:used":{"minecraft:melon_slice":24,"minecraft:iron_sword":14,"minecraft:diamond_sword":1,"minecraft:cobblestone":3,"minecraft:crafting_table":2,"minecraft:birch_log":1,"minecraft:white_bed":1},"minecraft:mined":{"minecraft:white_bed":1,"minecraft:birch_log":3,"minecraft:crafting_table":1,"minecraft:torch":1,"minecraft:oak_log":1},"minecraft:dropped":{"minecraft:dirt":1,"minecraft:iron_sword":2,"minecraft:diorite":2,"minecraft:melon_slice":13,"minecraft:rotten_flesh":23,"minecraft:salmon":2},"minecraft:crafted":{"minecraft:diamond_sword":1,"minecraft:iron_chestplate":1,"minecraft:crafting_table":1,"minecraft:iron_sword":3,"minecraft:birch_planks":4,"minecraft:cooked_mutton":2,"minecraft:cooked_beef":1}},"DataVersion":3955}