{"stats":{"minecraft:picked_up":{"minecraft:jungle_log":31,"minecraft:oak_log":2,"minecraft:diorite":2,"minecraft:bone":2,"minecraft:arrow":1,"minecraft:rotten_flesh":23,"minecraft:glowstone_dust":1,"minecraft:melon_slice":13,"minecraft:iron_sword":1,"minecraft:cobblestone":1},"minecraft:custom":{"minecraft:time_since_rest":9199,"minecraft:interact_with_furnace":6,"minecraft:sprint_one_cm":15087,"minecraft:damage_taken":570,"minecraft:walk_one_cm":91509,"minecraft:mob_kills":2,"minecraft:drop":2,"minecraft:damage_dealt":708,"minecraft:interact_with_crafting_table":5,"minecraft:fly_one_cm":2216,"minecraft:open_chest":6,"minecraft:crouch_one_cm":25,"minecraft:play_time":17968,"minecraft:deaths":2,"minecraft:sneak_time":18,"minecraft:jump":153,"minecraft:time_since_death":9144,"minecraft:walk_on_water_one_cm":4975,"minecraft:sleep_in_bed":1,"minecraft:total_world_time":17968,"minecraft:climb_one_cm":1764,"minecraft:fall_one_cm":480},"minecraft:killed":{"minecraft:zombie":1},"minecraft:used":{"minecraft:jungle_log":1,"minecraft:iron_sword":7,"minecraft:rotten_flesh":1},"minecraft:mined":{"minecraft:jungle_leaves":1,"minecraft:oak_log":2,"minecraft:vine":8,"minecraft:jungle_log":32,"minecraft:fern":1},"minecraft:dropped":{"minecraft:raw_iron":32,"minecraft:cooked_mutton":1},"minecraft:killed_by":{"minecraft:zombie_villager":1,"minecraft:zombie":1},"minecraft:crafted":{"minecraft:stick":64,"minecraft:iron_ingot":3,"minecraft:iron_sword":1,"minecraft:cooked_mutton":1,"minecraft:jungle_planks":120}},"DataVersion":3955}