{"stats":{"minecraft:broken":{"minecraft:stone_pickaxe":1,"minecraft:golden_sword":1,"minecraft:iron_pickaxe":1,"minecraft:wooden_pickaxe":2},"minecraft:picked_up":{"minecraft:iron_chestplate":2,"minecraft:basalt":103,"minecraft:nether_wart":1,"minecraft:andesite":2,"minecraft:jungle_log":31,"minecraft:golden_leggings":1,"minecraft:brown_wool":2,"minecraft:brown_mushroom":7,"minecraft:red_mushroom":23,"minecraft:mushroom_stew":1,"minecraft:gilded_blackstone":1,"minecraft:crimson_fungus":1,"minecraft:oak_log":2,"minecraft:golden_sword":1,"minecraft:cooked_mutton":3,"minecraft:bone":2,"minecraft:blackstone":21,"minecraft:warped_stem":7,"minecraft:wheat_seeds":1,"minecraft:gold_nugget":127,"minecraft:cobbled_deepslate":1,"minecraft:glowstone_dust":1,"minecraft:melon_slice":29,"minecraft:iron_sword":2,"minecraft:quartz":24,"minecraft:polished_blackstone_bricks":3,"minecraft:jungle_planks":4,"minecraft:diorite":2,"minecraft:golden_chestplate":1,"minecraft:rotten_flesh":54,"minecraft:arrow":1,"minecraft:weeping_vines":1,"minecraft:diamond":2,"minecraft:nether_bricks":4,"minecraft:iron_helmet":1,"minecraft:cracked_polished_blackstone_bricks":6,"minecraft:blaze_rod":2,"minecraft:netherrack":162,"minecraft:cobblestone":1,"minecraft:ender_pearl":2},"minecraft:custom":{"minecraft:interact_with_furnace":22,"minecraft:mob_kills":11,"minecraft:interact_with_crafting_table":15,"minecraft:leave_game":2,"minecraft:time_since_death":5258,"minecraft:sleep_in_bed":1,"minecraft:climb_one_cm":2213,"minecraft:time_since_rest":5294,"minecraft:sprint_one_cm":76795,"minecraft:damage_taken":3566,"minecraft:walk_one_cm":622532,"minecraft:damage_blocked_by_shield":200,"minecraft:drop":10,"minecraft:damage_dealt":2307,"minecraft:fly_one_cm":8584,"minecraft:player_kills":1,"minecraft:open_chest":17,"minecraft:crouch_one_cm":14893,"minecraft:play_time":123043,"minecraft:deaths":9,"minecraft:sneak_time":6078,"minecraft:walk_under_water_one_cm":1742,"minecraft:jump":920,"minecraft:walk_on_water_one_cm":13292,"minecraft:total_world_time":123043,"minecraft:fall_one_cm":16929},"minecraft:killed":{"minecraft:piglin":1,"minecraft:zombie":1,"minecraft:piglin_brute":1,"minecraft:enderman":1,"minecraft:blaze":4},"minecraft:used":{"minecraft:cooked_mutton":4,"minecraft:stone_pickaxe":104,"minecraft:blackstone":1,"minecraft:wooden_pickaxe":176,"minecraft:shield":5,"minecraft:iron_sword":35,"minecraft:rotten_flesh":2,"minecraft:netherrack":79,"minecraft:crafting_table":3,"minecraft:mushroom_stew":5,"minecraft:melon_slice":17,"minecraft:iron_pickaxe":80,"minecraft:jungle_log":1,"minecraft:basalt":18,"minecraft:golden_sword":38,"minecraft:cooked_porkchop":2},"minecraft:mined":{"minecraft:nether_gold_ore":36,"minecraft:brown_mushroom":8,"minecraft:blackstone":23,"minecraft:jungle_leaves":1,"minecraft:basalt":104,"minecraft:jungle_planks":7,"minecraft:warped_roots":2,"minecraft:jungle_log":32,"minecraft:cracked_polished_blackstone_bricks":3,"minecraft:nether_quartz_ore":1,"minecraft:crimson_fungus":1,"minecraft:red_mushroom":9,"minecraft:gilded_blackstone":1,"minecraft:polished_blackstone_bricks":3,"minecraft:warped_nylium":7,"minecraft:cobbled_deepslate":2,"minecraft:oak_log":2,"minecraft:vine":8,"minecraft:warped_stem":1,"minecraft:netherrack":161,"minecraft:fern":1},"minecraft:killed_by":{"minecraft:zombie_villager":1,"minecraft:piglin":1,"minecraft:piglin_brute":3,"minecraft:blaze":1,"minecraft:zombie":1,"minecraft:magma_cube":1},"minecraft:dropped":{"minecraft:warped_stem":6,"minecraft:cooked_porkchop":12,"minecraft:raw_iron":32,"minecraft:iron_boots":1,"minecraft:cooked_mutton":1,"minecraft:diorite":2,"minecraft:diamond_pickaxe":1,"minecraft:iron_chestplate":1,"minecraft:iron_leggings":1,"minecraft:bone":9},"minecraft:crafted":{"minecraft:crafting_table":3,"minecraft:wooden_pickaxe":3,"minecraft:iron_sword":2,"minecraft:mushroom_stew":4,"minecraft:cooked_mutton":1,"minecraft:jungle_planks":120,"minecraft:iron_chestplate":1,"minecraft:iron_boots":1,"minecraft:shield":1,"minecraft:stick":64,"minecraft:iron_ingot":24,"minecraft:stone_pickaxe":2,"minecraft:iron_leggings":1}},"DataVersion":3955}