{"stats":{"minecraft:broken":{"minecraft:wooden_pickaxe":2},"minecraft:picked_up":{"minecraft:basalt":74,"minecraft:nether_wart":1,"minecraft:jungle_log":31,"minecraft:brown_wool":1,"minecraft:quartz":2,"minecraft:oak_log":2,"minecraft:diorite":2,"minecraft:cooked_mutton":3,"minecraft:blackstone":18,"minecraft:arrow":1,"minecraft:bone":2,"minecraft:rotten_flesh":23,"minecraft:diamond":2,"minecraft:wheat_seeds":1,"minecraft:gold_nugget":50,"minecraft:glowstone_dust":1,"minecraft:melon_slice":13,"minecraft:netherrack":135,"minecraft:iron_sword":1,"minecraft:cobblestone":1,"minecraft:ender_pearl":1},"minecraft:custom":{"minecraft:time_since_rest":8000,"minecraft:interact_with_furnace":22,"minecraft:sprint_one_cm":45087,"minecraft:damage_taken":1442,"minecraft:walk_one_cm":374466,"minecraft:mob_kills":4,"minecraft:drop":3,"minecraft:damage_dealt":978,"minecraft:interact_with_crafting_table":14,"minecraft:fly_one_cm":4204,"minecraft:open_chest":16,"minecraft:crouch_one_cm":11017,"minecraft:play_time":68368,"minecraft:deaths":3,"minecraft:sneak_time":4774,"minecraft:jump":502,"minecraft:leave_game":1,"minecraft:walk_on_water_one_cm":4975,"minecraft:time_since_death":7893,"minecraft:sleep_in_bed":1,"minecraft:climb_one_cm":2213,"minecraft:total_world_time":68368,"minecraft:fall_one_cm":5380},"minecraft:killed":{"minecraft:piglin":1,"minecraft:zombie":1,"minecraft:enderman":1},"minecraft:used":{"minecraft:cooked_mutton":2,"minecraft:melon_slice":13,"minecraft:stone_pickaxe":76,"minecraft:jungle_log":1,"minecraft:wooden_pickaxe":176,"minecraft:iron_sword":21,"minecraft:rotten_flesh":1,"minecraft:netherrack":57,"minecraft:crafting_table":3,"minecraft:cooked_porkchop":2},"minecraft:mined":{"minecraft:nether_gold_ore":12,"minecraft:warped_nylium":7,"minecraft:blackstone":18,"minecraft:basalt":75,"minecraft:jungle_leaves":1,"minecraft:vine":8,"minecraft:oak_log":2,"minecraft:warped_roots":2,"minecraft:jungle_log":32,"minecraft:nether_quartz_ore":1,"minecraft:netherrack":139,"minecraft:fern":1},"minecraft:dropped":{"minecraft:cooked_porkchop":12,"minecraft:raw_iron":32,"minecraft:cooked_mutton":1},"minecraft:killed_by":{"minecraft:zombie_villager":1,"minecraft:zombie":1},"minecraft:crafted":{"minecraft:iron_boots":1,"minecraft:iron_chestplate":1,"minecraft:shield":1,"minecraft:crafting_table":3,"minecraft:stick":64,"minecraft:wooden_pickaxe":3,"minecraft:iron_ingot":24,"minecraft:stone_pickaxe":2,"minecraft:iron_sword":2,"minecraft:iron_leggings":1,"minecraft:cooked_mutton":1,"minecraft:jungle_planks":120}},"DataVersion":3955}