{"stats":{"minecraft:broken":{"minecraft:wooden_pickaxe":2},"minecraft:picked_up":{"minecraft:basalt":74,"minecraft:nether_wart":1,"minecraft:andesite":2,"minecraft:jungle_log":31,"minecraft:brown_wool":2,"minecraft:brown_mushroom":7,"minecraft:red_mushroom":11,"minecraft:oak_log":2,"minecraft:golden_sword":1,"minecraft:cooked_mutton":3,"minecraft:bone":2,"minecraft:blackstone":18,"minecraft:wheat_seeds":1,"minecraft:gold_nugget":84,"minecraft:glowstone_dust":1,"minecraft:melon_slice":13,"minecraft:iron_sword":2,"minecraft:quartz":10,"minecraft:diorite":2,"minecraft:rotten_flesh":23,"minecraft:arrow":1,"minecraft:weeping_vines":1,"minecraft:diamond":2,"minecraft:nether_bricks":4,"minecraft:blaze_rod":2,"minecraft:netherrack":147,"minecraft:cobblestone":1,"minecraft:ender_pearl":1},"minecraft:custom":{"minecraft:interact_with_furnace":22,"minecraft:mob_kills":8,"minecraft:interact_with_crafting_table":14,"minecraft:leave_game":1,"minecraft:time_since_death":1171,"minecraft:sleep_in_bed":1,"minecraft:climb_one_cm":2213,"minecraft:time_since_rest":1338,"minecraft:sprint_one_cm":57270,"minecraft:damage_taken":2057,"minecraft:walk_one_cm":458943,"minecraft:damage_blocked_by_shield":45,"minecraft:drop":3,"minecraft:damage_dealt":1367,"minecraft:fly_one_cm":5563,"minecraft:open_chest":16,"minecraft:crouch_one_cm":11620,"minecraft:play_time":80368,"minecraft:deaths":5,"minecraft:sneak_time":4857,"minecraft:jump":628,"minecraft:walk_on_water_one_cm":4975,"minecraft:total_world_time":80368,"minecraft:fall_one_cm":6823},"minecraft:killed":{"minecraft:piglin":1,"minecraft:zombie":1,"minecraft:enderman":1,"minecraft:blaze":4},"minecraft:used":{"minecraft:cooked_mutton":4,"minecraft:stone_pickaxe":76,"minecraft:wooden_pickaxe":176,"minecraft:shield":2,"minecraft:iron_sword":21,"minecraft:rotten_flesh":1,"minecraft:netherrack":57,"minecraft:crafting_table":3,"minecraft:melon_slice":13,"minecraft:iron_pickaxe":35,"minecraft:jungle_log":1,"minecraft:golden_sword":33,"minecraft:cooked_porkchop":2},"minecraft:mined":{"minecraft:nether_gold_ore":22,"minecraft:brown_mushroom":8,"minecraft:blackstone":18,"minecraft:jungle_leaves":1,"minecraft:basalt":75,"minecraft:warped_roots":2,"minecraft:jungle_log":32,"minecraft:nether_quartz_ore":1,"minecraft:red_mushroom":9,"minecraft:warped_nylium":7,"minecraft:oak_log":2,"minecraft:vine":8,"minecraft:netherrack":153,"minecraft:fern":1},"minecraft:dropped":{"minecraft:cooked_porkchop":12,"minecraft:raw_iron":32,"minecraft:cooked_mutton":1},"minecraft:killed_by":{"minecraft:zombie_villager":1,"minecraft:piglin":1,"minecraft:blaze":1,"minecraft:zombie":1},"minecraft:crafted":{"minecraft:crafting_table":3,"minecraft:wooden_pickaxe":3,"minecraft:iron_sword":2,"minecraft:cooked_mutton":1,"minecraft:jungle_planks":120,"minecraft:iron_chestplate":1,"minecraft:iron_boots":1,"minecraft:shield":1,"minecraft:stick":64,"minecraft:iron_ingot":24,"minecraft:stone_pickaxe":2,"minecraft:iron_leggings":1}},"DataVersion":3955}