{"stats":{"minecraft:picked_up":{"minecraft:jungle_log":31,"minecraft:brown_wool":1,"minecraft:quartz":2,"minecraft:oak_log":2,"minecraft:diorite":2,"minecraft:bone":2,"minecraft:arrow":1,"minecraft:rotten_flesh":23,"minecraft:wheat_seeds":1,"minecraft:glowstone_dust":1,"minecraft:melon_slice":13,"minecraft:netherrack":42,"minecraft:iron_sword":1,"minecraft:cobblestone":1,"minecraft:ender_pearl":1},"minecraft:custom":{"minecraft:time_since_rest":33199,"minecraft:interact_with_furnace":22,"minecraft:sprint_one_cm":21655,"minecraft:damage_taken":845,"minecraft:walk_one_cm":237945,"minecraft:mob_kills":3,"minecraft:drop":3,"minecraft:damage_dealt":962,"minecraft:interact_with_crafting_table":12,"minecraft:fly_one_cm":3745,"minecraft:open_chest":10,"minecraft:crouch_one_cm":6578,"minecraft:play_time":41968,"minecraft:deaths":2,"minecraft:sneak_time":3727,"minecraft:jump":285,"minecraft:time_since_death":33144,"minecraft:walk_on_water_one_cm":4975,"minecraft:sleep_in_bed":1,"minecraft:total_world_time":41968,"minecraft:climb_one_cm":2213,"minecraft:fall_one_cm":2793},"minecraft:killed":{"minecraft:zombie":1,"minecraft:enderman":1},"minecraft:used":{"minecraft:melon_slice":13,"minecraft:jungle_log":1,"minecraft:wooden_pickaxe":45,"minecraft:iron_sword":20,"minecraft:rotten_flesh":1,"minecraft:crafting_table":1},"minecraft:mined":{"minecraft:nether_gold_ore":1,"minecraft:jungle_leaves":1,"minecraft:warped_roots":2,"minecraft:oak_log":2,"minecraft:vine":8,"minecraft:jungle_log":32,"minecraft:nether_quartz_ore":1,"minecraft:netherrack":43,"minecraft:fern":1},"minecraft:dropped":{"minecraft:cooked_porkchop":12,"minecraft:raw_iron":32,"minecraft:cooked_mutton":1},"minecraft:killed_by":{"minecraft:zombie_villager":1,"minecraft:zombie":1},"minecraft:crafted":{"minecraft:iron_chestplate":1,"minecraft:iron_boots":1,"minecraft:shield":1,"minecraft:crafting_table":1,"minecraft:stick":64,"minecraft:wooden_pickaxe":1,"minecraft:iron_ingot":24,"minecraft:iron_sword":2,"minecraft:iron_leggings":1,"minecraft:cooked_mutton":1,"minecraft:jungle_planks":120}},"DataVersion":3955}