{"stats":{"minecraft:picked_up":{"minecraft:arrow":1,"minecraft:bone":2,"minecraft:rotten_flesh":23,"minecraft:oak_log":2,"minecraft:iron_sword":1},"minecraft:custom":{"minecraft:time_since_rest":2599,"minecraft:walk_one_cm":43374,"minecraft:play_time":5968,"minecraft:sprint_one_cm":420,"minecraft:damage_taken":485,"minecraft:deaths":1,"minecraft:sneak_time":8,"minecraft:mob_kills":1,"minecraft:jump":55,"minecraft:damage_dealt":512,"minecraft:time_since_death":2557,"minecraft:sleep_in_bed":1,"minecraft:total_world_time":5968,"minecraft:fall_one_cm":269,"minecraft:fly_one_cm":922},"minecraft:killed":{"minecraft:zombie":1},"minecraft:used":{"minecraft:rotten_flesh":1,"minecraft:iron_sword":2},"minecraft:mined":{"minecraft:oak_log":2},"minecraft:killed_by":{"minecraft:zombie_villager":1}},"DataVersion":3955}