{"stats":{"minecraft:crafted":{"minecraft:crafting_table":1,"minecraft:stick":12,"minecraft:wooden_pickaxe":1,"minecraft:stone_pickaxe":1,"minecraft:furnace":1,"minecraft:acacia_planks":24,"minecraft:torch":24,"minecraft:birch_planks":16,"minecraft:stone_axe":1},"minecraft:used":{"minecraft:stone_pickaxe":38,"minecraft:wooden_pickaxe":24,"minecraft:rotten_flesh":1,"minecraft:stone_axe":11,"minecraft:torch":1,"minecraft:cobblestone":1,"minecraft:crafting_table":2},"minecraft:custom":{"minecraft:time_since_rest":20697,"minecraft:sprint_one_cm":18809,"minecraft:damage_taken":220,"minecraft:walk_one_cm":15439,"minecraft:mob_kills":5,"minecraft:damage_dealt":813,"minecraft:interact_with_crafting_table":3,"minecraft:swim_one_cm":19265,"minecraft:fly_one_cm":26104,"minecraft:crouch_one_cm":69,"minecraft:play_time":20697,"minecraft:sneak_time":81,"minecraft:walk_under_water_one_cm":4788,"minecraft:jump":148,"minecraft:leave_game":1,"minecraft:time_since_death":20697,"minecraft:walk_on_water_one_cm":4500,"minecraft:total_world_time":20697,"minecraft:fall_one_cm":4009},"minecraft:killed":{"minecraft:sheep":4,"minecraft:zombie":1},"minecraft:picked_up":{"minecraft:birch_log":4,"minecraft:crafting_table":1,"minecraft:raw_iron":3,"minecraft:acacia_log":6,"minecraft:rotten_flesh":1,"minecraft:light_gray_wool":1,"minecraft:mutton":6,"minecraft:coal":23,"minecraft:white_wool":3,"minecraft:cobblestone":39},"minecraft:mined":{"minecraft:acacia_leaves":1,"minecraft:birch_log":4,"minecraft:iron_ore":3,"minecraft:birch_leaves":5,"minecraft:crafting_table":1,"minecraft:acacia_log":6,"minecraft:coal_ore":23,"minecraft:stone":36}},"DataVersion":3953}