{"stats":{"minecraft:crafted":{"minecraft:cooked_beef":21,"minecraft:cooked_porkchop":2,"minecraft:crafting_table":2,"minecraft:birch_boat":1,"minecraft:wooden_pickaxe":1,"minecraft:iron_helmet":1,"minecraft:iron_sword":1,"minecraft:furnace":2,"minecraft:birch_planks":60,"minecraft:stone_axe":1,"minecraft:cooked_mutton":9,"minecraft:air":0,"minecraft:iron_boots":1,"minecraft:iron_chestplate":1,"minecraft:raw_copper":9,"minecraft:shield":1,"minecraft:stick":28,"minecraft:iron_ingot":48,"minecraft:iron_pickaxe":2,"minecraft:stone_pickaxe":2,"minecraft:iron_leggings":1,"minecraft:birch_door":3,"minecraft:acacia_planks":24,"minecraft:torch":24},"minecraft:used":{"minecraft:cooked_mutton":9,"minecraft:diorite":1,"minecraft:stone_pickaxe":262,"minecraft:birch_boat":3,"minecraft:shield":19,"minecraft:wooden_pickaxe":24,"minecraft:iron_sword":110,"minecraft:trial_key":2,"minecraft:cooked_chicken":1,"minecraft:rotten_flesh":1,"minecraft:iron_chestplate":1,"minecraft:torch":126,"minecraft:glow_berries":5,"minecraft:crafting_table":8,"minecraft:tuff":30,"minecraft:birch_door":1,"minecraft:bread":2,"minecraft:iron_pickaxe":452,"minecraft:gravel":3,"minecraft:stone_axe":99,"minecraft:cobblestone":11,"minecraft:furnace":6,"minecraft:cooked_porkchop":2,"minecraft:bucket":1,"minecraft:andesite":14,"minecraft:egg":2,"minecraft:cooked_beef":2,"minecraft:cobbled_deepslate":22},"minecraft:custom":{"minecraft:interact_with_furnace":32,"minecraft:mob_kills":56,"minecraft:interact_with_crafting_table":12,"minecraft:open_barrel":2,"minecraft:leave_game":1,"minecraft:time_since_death":92697,"minecraft:climb_one_cm":2203,"minecraft:time_since_rest":92697,"minecraft:sprint_one_cm":185609,"minecraft:damage_taken":965,"minecraft:walk_one_cm":173122,"minecraft:damage_blocked_by_shield":415,"minecraft:drop":15,"minecraft:damage_dealt":7218,"minecraft:swim_one_cm":36879,"minecraft:fly_one_cm":152382,"minecraft:open_chest":8,"minecraft:crouch_one_cm":574,"minecraft:play_time":92697,"minecraft:sneak_time":425,"minecraft:walk_under_water_one_cm":17233,"minecraft:boat_one_cm":19967,"minecraft:jump":1012,"minecraft:walk_on_water_one_cm":22465,"minecraft:total_world_time":92697,"minecraft:inspect_dispenser":2,"minecraft:fall_one_cm":18165},"minecraft:broken":{"minecraft:stone_pickaxe":2,"minecraft:iron_pickaxe":1},"minecraft:dropped":{"minecraft:lilac":2,"minecraft:cobbled_deepslate":64,"minecraft:chicken":4,"minecraft:cobblestone":89,"minecraft:feather":3,"minecraft:flint":3,"minecraft:tipped_arrow":6,"minecraft:gunpowder":8,"minecraft:diorite":1,"minecraft:andesite":1,"minecraft:spider_eye":2,"minecraft:brick":64,"minecraft:egg":1},"minecraft:killed":{"minecraft:cave_spider":4,"minecraft:pig":1,"minecraft:spider":12,"minecraft:sheep":6,"minecraft:skeleton":9,"minecraft:zombie":3,"minecraft:chicken":4,"minecraft:breeze":1,"minecraft:cow":15},"minecraft:picked_up":{"minecraft:birch_log":37,"minecraft:crafting_table":6,"minecraft:chicken":8,"minecraft:feather":3,"minecraft:lilac":2,"minecraft:andesite":15,"minecraft:leather":22,"minecraft:flint":6,"minecraft:tuff":30,"minecraft:oak_log":4,"minecraft:brick":64,"minecraft:gunpowder":16,"minecraft:lapis_lazuli":62,"minecraft:string":41,"minecraft:raw_copper":3,"minecraft:bone":6,"minecraft:cobbled_deepslate":278,"minecraft:trial_key":2,"minecraft:beef":31,"minecraft:cooked_chicken":1,"minecraft:light_gray_wool":1,"minecraft:egg":3,"minecraft:raw_copper_block":1,"minecraft:furnace":5,"minecraft:tipped_arrow":12,"minecraft:scaffolding":9,"minecraft:raw_iron":50,"minecraft:birch_boat":2,"minecraft:torch":102,"minecraft:acacia_log":6,"minecraft:gravel":17,"minecraft:porkchop":2,"minecraft:diorite":12,"minecraft:redstone":40,"minecraft:polished_tuff":2,"minecraft:spider_eye":2,"minecraft:arrow":13,"minecraft:rotten_flesh":1,"minecraft:diamond":56,"minecraft:emerald":10,"minecraft:bread":1,"minecraft:baked_potato":2,"minecraft:mutton":9,"minecraft:coal":61,"minecraft:white_wool":5,"minecraft:cobblestone":189,"minecraft:ender_pearl":4},"minecraft:mined":{"minecraft:deepslate_redstone_ore":9,"minecraft:tuff":36,"minecraft:acacia_leaves":1,"minecraft:deepslate_diamond_ore":56,"minecraft:crafting_table":6,"minecraft:torch":3,"minecraft:short_grass":4,"minecraft:acacia_log":6,"minecraft:grass_block":1,"minecraft:copper_ore":1,"minecraft:lapis_ore":8,"minecraft:diorite":12,"minecraft:tuff_bricks":4,"minecraft:wall_torch":1,"minecraft:spawner":2,"minecraft:fire":1,"minecraft:furnace":5,"minecraft:cobbled_deepslate":4,"minecraft:birch_log":37,"minecraft:iron_ore":39,"minecraft:lilac":2,"minecraft:birch_leaves":6,"minecraft:andesite":19,"minecraft:deepslate_lapis_ore":3,"minecraft:coal_ore":45,"minecraft:oak_log":4,"minecraft:deepslate_iron_ore":11,"minecraft:gravel":20,"minecraft:cobweb":9,"minecraft:raw_copper_block":1,"minecraft:stone":187,"minecraft:deepslate":289,"minecraft:oak_leaves":6}},"DataVersion":3953}