{"stats":{"minecraft:crafted":{"minecraft:cooked_porkchop":2,"minecraft:crafting_table":1,"minecraft:stick":20,"minecraft:iron_ingot":3,"minecraft:wooden_pickaxe":1,"minecraft:iron_pickaxe":1,"minecraft:stone_pickaxe":2,"minecraft:furnace":2,"minecraft:acacia_planks":24,"minecraft:torch":24,"minecraft:birch_planks":60,"minecraft:stone_axe":1,"minecraft:air":0,"minecraft:cooked_mutton":6},"minecraft:used":{"minecraft:cooked_mutton":4,"minecraft:stone_pickaxe":142,"minecraft:iron_pickaxe":8,"minecraft:wooden_pickaxe":24,"minecraft:rotten_flesh":1,"minecraft:stone_axe":69,"minecraft:torch":2,"minecraft:cobblestone":1,"minecraft:crafting_table":3,"minecraft:furnace":4},"minecraft:custom":{"minecraft:time_since_rest":32697,"minecraft:interact_with_furnace":16,"minecraft:sprint_one_cm":57652,"minecraft:damage_taken":270,"minecraft:walk_one_cm":35915,"minecraft:mob_kills":17,"minecraft:damage_dealt":1973,"minecraft:interact_with_crafting_table":6,"minecraft:swim_one_cm":25578,"minecraft:fly_one_cm":73296,"minecraft:crouch_one_cm":69,"minecraft:play_time":32697,"minecraft:sneak_time":85,"minecraft:walk_under_water_one_cm":5130,"minecraft:jump":341,"minecraft:leave_game":1,"minecraft:time_since_death":32697,"minecraft:walk_on_water_one_cm":10065,"minecraft:total_world_time":32697,"minecraft:fall_one_cm":8593},"minecraft:broken":{"minecraft:stone_pickaxe":1},"minecraft:killed":{"minecraft:sheep":6,"minecraft:pig":1,"minecraft:zombie":1,"minecraft:cow":9},"minecraft:picked_up":{"minecraft:birch_log":37,"minecraft:crafting_table":2,"minecraft:raw_iron":21,"minecraft:lilac":2,"minecraft:andesite":6,"minecraft:leather":11,"minecraft:acacia_log":6,"minecraft:porkchop":2,"minecraft:oak_log":4,"minecraft:diorite":6,"minecraft:lapis_lazuli":28,"minecraft:raw_copper":3,"minecraft:rotten_flesh":1,"minecraft:beef":21,"minecraft:light_gray_wool":1,"minecraft:mutton":9,"minecraft:coal":40,"minecraft:raw_copper_block":1,"minecraft:white_wool":5,"minecraft:cobblestone":111,"minecraft:furnace":2},"minecraft:mined":{"minecraft:acacia_leaves":1,"minecraft:furnace":2,"minecraft:birch_log":37,"minecraft:iron_ore":21,"minecraft:lilac":2,"minecraft:andesite":6,"minecraft:birch_leaves":6,"minecraft:crafting_table":2,"minecraft:acacia_log":6,"minecraft:oak_log":4,"minecraft:coal_ore":24,"minecraft:copper_ore":1,"minecraft:raw_copper_block":1,"minecraft:lapis_ore":5,"minecraft:stone":108,"minecraft:diorite":6,"minecraft:oak_leaves":3}},"DataVersion":3953}