{"stats":{"minecraft:crafted":{"minecraft:cooked_beef":21,"minecraft:cooked_porkchop":2,"minecraft:crafting_table":1,"minecraft:wooden_pickaxe":1,"minecraft:iron_helmet":1,"minecraft:furnace":2,"minecraft:birch_planks":60,"minecraft:stone_axe":1,"minecraft:cooked_mutton":9,"minecraft:air":0,"minecraft:iron_boots":1,"minecraft:iron_chestplate":1,"minecraft:shield":1,"minecraft:stick":28,"minecraft:iron_ingot":48,"minecraft:iron_pickaxe":1,"minecraft:stone_pickaxe":2,"minecraft:iron_leggings":1,"minecraft:acacia_planks":24,"minecraft:torch":24},"minecraft:used":{"minecraft:cooked_mutton":4,"minecraft:diorite":1,"minecraft:stone_pickaxe":262,"minecraft:wooden_pickaxe":24,"minecraft:rotten_flesh":1,"minecraft:iron_chestplate":1,"minecraft:torch":10,"minecraft:crafting_table":4,"minecraft:iron_pickaxe":61,"minecraft:gravel":1,"minecraft:stone_axe":71,"minecraft:cobblestone":1,"minecraft:furnace":5,"minecraft:cooked_porkchop":1},"minecraft:custom":{"minecraft:interact_with_furnace":32,"minecraft:mob_kills":17,"minecraft:interact_with_crafting_table":8,"minecraft:leave_game":1,"minecraft:time_since_death":44697,"minecraft:time_since_rest":44697,"minecraft:sprint_one_cm":66823,"minecraft:damage_taken":270,"minecraft:walk_one_cm":56274,"minecraft:damage_dealt":1973,"minecraft:swim_one_cm":25578,"minecraft:fly_one_cm":76169,"minecraft:crouch_one_cm":69,"minecraft:play_time":44697,"minecraft:sneak_time":90,"minecraft:walk_under_water_one_cm":5130,"minecraft:jump":430,"minecraft:walk_on_water_one_cm":10325,"minecraft:total_world_time":44697,"minecraft:fall_one_cm":9073},"minecraft:broken":{"minecraft:stone_pickaxe":2},"minecraft:killed":{"minecraft:pig":1,"minecraft:sheep":6,"minecraft:zombie":1,"minecraft:cow":9},"minecraft:picked_up":{"minecraft:birch_log":37,"minecraft:crafting_table":4,"minecraft:lilac":2,"minecraft:andesite":14,"minecraft:leather":11,"minecraft:flint":3,"minecraft:tuff":7,"minecraft:oak_log":4,"minecraft:lapis_lazuli":62,"minecraft:raw_copper":3,"minecraft:cobbled_deepslate":56,"minecraft:beef":21,"minecraft:light_gray_wool":1,"minecraft:raw_copper_block":1,"minecraft:furnace":5,"minecraft:raw_iron":48,"minecraft:torch":3,"minecraft:acacia_log":6,"minecraft:gravel":17,"minecraft:porkchop":2,"minecraft:diorite":11,"minecraft:redstone":5,"minecraft:rotten_flesh":1,"minecraft:diamond":14,"minecraft:mutton":9,"minecraft:coal":40,"minecraft:white_wool":5,"minecraft:cobblestone":151},"minecraft:mined":{"minecraft:deepslate_redstone_ore":1,"minecraft:tuff":7,"minecraft:acacia_leaves":1,"minecraft:deepslate_diamond_ore":14,"minecraft:crafting_table":4,"minecraft:torch":2,"minecraft:acacia_log":6,"minecraft:copper_ore":1,"minecraft:lapis_ore":8,"minecraft:diorite":11,"minecraft:wall_torch":1,"minecraft:furnace":5,"minecraft:birch_log":37,"minecraft:iron_ore":39,"minecraft:lilac":2,"minecraft:birch_leaves":6,"minecraft:andesite":14,"minecraft:deepslate_lapis_ore":3,"minecraft:coal_ore":24,"minecraft:oak_log":4,"minecraft:deepslate_iron_ore":9,"minecraft:gravel":20,"minecraft:raw_copper_block":1,"minecraft:stone":148,"minecraft:deepslate":56,"minecraft:oak_leaves":3}},"DataVersion":3953}