{"stats":{"minecraft:crafted":{"minecraft:cooked_beef":21,"minecraft:cooked_porkchop":2,"minecraft:crafting_table":2,"minecraft:wooden_pickaxe":1,"minecraft:iron_helmet":1,"minecraft:iron_sword":1,"minecraft:furnace":2,"minecraft:birch_planks":60,"minecraft:stone_axe":1,"minecraft:cooked_mutton":9,"minecraft:air":0,"minecraft:iron_boots":1,"minecraft:iron_chestplate":1,"minecraft:raw_copper":9,"minecraft:shield":1,"minecraft:stick":28,"minecraft:iron_ingot":48,"minecraft:iron_pickaxe":2,"minecraft:stone_pickaxe":2,"minecraft:iron_leggings":1,"minecraft:acacia_planks":24,"minecraft:torch":24},"minecraft:used":{"minecraft:cooked_mutton":4,"minecraft:diorite":1,"minecraft:stone_pickaxe":262,"minecraft:shield":2,"minecraft:wooden_pickaxe":24,"minecraft:iron_sword":31,"minecraft:rotten_flesh":1,"minecraft:iron_chestplate":1,"minecraft:torch":64,"minecraft:glow_berries":3,"minecraft:crafting_table":6,"minecraft:tuff":30,"minecraft:bread":1,"minecraft:iron_pickaxe":389,"minecraft:gravel":3,"minecraft:stone_axe":73,"minecraft:cobblestone":1,"minecraft:furnace":6,"minecraft:cooked_porkchop":2,"minecraft:andesite":14,"minecraft:egg":2,"minecraft:cobbled_deepslate":22},"minecraft:custom":{"minecraft:interact_with_furnace":32,"minecraft:mob_kills":31,"minecraft:interact_with_crafting_table":10,"minecraft:leave_game":1,"minecraft:time_since_death":68697,"minecraft:time_since_rest":68697,"minecraft:sprint_one_cm":118126,"minecraft:damage_taken":405,"minecraft:walk_one_cm":101673,"minecraft:damage_blocked_by_shield":55,"minecraft:drop":5,"minecraft:damage_dealt":3373,"minecraft:swim_one_cm":32230,"minecraft:fly_one_cm":106535,"minecraft:crouch_one_cm":69,"minecraft:play_time":68697,"minecraft:sneak_time":169,"minecraft:walk_under_water_one_cm":9356,"minecraft:jump":758,"minecraft:walk_on_water_one_cm":14145,"minecraft:total_world_time":68697,"minecraft:fall_one_cm":10580},"minecraft:broken":{"minecraft:stone_pickaxe":2,"minecraft:iron_pickaxe":1},"minecraft:dropped":{"minecraft:lilac":2,"minecraft:feather":2,"minecraft:diorite":1,"minecraft:spider_eye":2,"minecraft:egg":1},"minecraft:killed":{"minecraft:cave_spider":4,"minecraft:pig":1,"minecraft:sheep":6,"minecraft:zombie":2,"minecraft:chicken":4,"minecraft:cow":14},"minecraft:picked_up":{"minecraft:birch_log":37,"minecraft:crafting_table":5,"minecraft:chicken":4,"minecraft:feather":3,"minecraft:lilac":2,"minecraft:andesite":14,"minecraft:leather":18,"minecraft:flint":3,"minecraft:tuff":30,"minecraft:oak_log":4,"minecraft:lapis_lazuli":62,"minecraft:string":7,"minecraft:raw_copper":3,"minecraft:cobbled_deepslate":246,"minecraft:beef":29,"minecraft:light_gray_wool":1,"minecraft:egg":3,"minecraft:raw_copper_block":1,"minecraft:furnace":5,"minecraft:raw_iron":50,"minecraft:torch":45,"minecraft:acacia_log":6,"minecraft:gravel":17,"minecraft:porkchop":2,"minecraft:diorite":12,"minecraft:redstone":40,"minecraft:spider_eye":2,"minecraft:rotten_flesh":1,"minecraft:diamond":56,"minecraft:mutton":9,"minecraft:coal":61,"minecraft:white_wool":5,"minecraft:cobblestone":186},"minecraft:mined":{"minecraft:deepslate_redstone_ore":9,"minecraft:tuff":30,"minecraft:acacia_leaves":1,"minecraft:deepslate_diamond_ore":56,"minecraft:crafting_table":5,"minecraft:torch":2,"minecraft:short_grass":3,"minecraft:acacia_log":6,"minecraft:copper_ore":1,"minecraft:lapis_ore":8,"minecraft:diorite":12,"minecraft:wall_torch":1,"minecraft:spawner":1,"minecraft:furnace":5,"minecraft:cobbled_deepslate":4,"minecraft:birch_log":37,"minecraft:iron_ore":39,"minecraft:lilac":2,"minecraft:birch_leaves":6,"minecraft:andesite":18,"minecraft:deepslate_lapis_ore":3,"minecraft:coal_ore":45,"minecraft:oak_log":4,"minecraft:deepslate_iron_ore":11,"minecraft:gravel":20,"minecraft:cobweb":3,"minecraft:raw_copper_block":1,"minecraft:stone":184,"minecraft:deepslate":242,"minecraft:oak_leaves":6}},"DataVersion":3953}