{"stats":{"minecraft:mined":{"minecraft:tuff":36,"minecraft:deepslate_diamond_ore":56,"minecraft:acacia_log":6,"minecraft:grass_block":1,"minecraft:decorated_pot":4,"minecraft:tuff_bricks":4,"minecraft:spawner":2,"minecraft:furnace":5,"minecraft:iron_ore":39,"minecraft:cobbled_deepslate":7,"minecraft:fire":4,"minecraft:andesite":19,"minecraft:diamond_block":1,"minecraft:deepslate_lapis_ore":3,"minecraft:deepslate_iron_ore":11,"minecraft:stone":187,"minecraft:deepslate_redstone_ore":9,"minecraft:acacia_leaves":1,"minecraft:crafting_table":6,"minecraft:torch":3,"minecraft:short_grass":4,"minecraft:copper_ore":1,"minecraft:lapis_ore":8,"minecraft:diorite":12,"minecraft:wall_torch":1,"minecraft:birch_log":37,"minecraft:lilac":2,"minecraft:birch_leaves":6,"minecraft:oak_log":4,"minecraft:coal_ore":45,"minecraft:gravel":20,"minecraft:cobweb":15,"minecraft:raw_copper_block":1,"minecraft:oak_leaves":6,"minecraft:deepslate":289},"minecraft:broken":{"minecraft:stone_pickaxe":2,"minecraft:stone_axe":1,"minecraft:iron_sword":1,"minecraft:iron_pickaxe":1,"minecraft:iron_helmet":1},"minecraft:custom":{"minecraft:mob_kills":126,"minecraft:interact_with_crafting_table":15,"minecraft:open_barrel":6,"minecraft:leave_game":2,"minecraft:time_since_death":124876,"minecraft:climb_one_cm":4615,"minecraft:sprint_one_cm":303067,"minecraft:walk_one_cm":323495,"minecraft:damage_blocked_by_shield":1065,"minecraft:drop":47,"minecraft:play_time":124876,"minecraft:sneak_time":1040,"minecraft:walk_under_water_one_cm":21545,"minecraft:boat_one_cm":19967,"minecraft:jump":1247,"minecraft:walk_on_water_one_cm":25329,"minecraft:total_world_time":124876,"minecraft:interact_with_furnace":34,"minecraft:time_since_rest":124876,"minecraft:damage_taken":3045,"minecraft:damage_dealt":15602,"minecraft:swim_one_cm":39516,"minecraft:fly_one_cm":179778,"minecraft:open_chest":17,"minecraft:crouch_one_cm":2188,"minecraft:fall_one_cm":24541,"minecraft:inspect_dispenser":2},"minecraft:used":{"minecraft:shield":45,"minecraft:iron_sword":245,"minecraft:cooked_chicken":2,"minecraft:rotten_flesh":1,"minecraft:trial_key":6,"minecraft:iron_chestplate":1,"minecraft:torch":133,"minecraft:diamond_helmet":1,"minecraft:tuff":30,"minecraft:birch_door":1,"minecraft:golden_carrot":5,"minecraft:bow":7,"minecraft:furnace":7,"minecraft:egg":2,"minecraft:cooked_beef":16,"minecraft:cobbled_deepslate":90,"minecraft:cooked_mutton":9,"minecraft:diorite":1,"minecraft:stone_pickaxe":262,"minecraft:baked_potato":2,"minecraft:birch_boat":3,"minecraft:wooden_pickaxe":24,"minecraft:diamond_axe":38,"minecraft:glow_berries":5,"minecraft:diamond_block":1,"minecraft:crafting_table":10,"minecraft:polished_tuff":2,"minecraft:ominous_trial_key":1,"minecraft:wind_charge":2,"minecraft:bread":2,"minecraft:iron_pickaxe":456,"minecraft:gravel":3,"minecraft:stone_axe":101,"minecraft:cobblestone":11,"minecraft:potion":3,"minecraft:cooked_porkchop":2,"minecraft:andesite":14,"minecraft:bucket":1},"minecraft:dropped":{"minecraft:cooked_beef":18,"minecraft:lilac":2,"minecraft:glass_bottle":4,"minecraft:feather":3,"minecraft:cobblestone":89,"minecraft:ominous_trial_key":1,"minecraft:flint":3,"minecraft:diorite":1,"minecraft:potion":1,"minecraft:string":45,"minecraft:cobbled_deepslate":64,"minecraft:chicken":8,"minecraft:tipped_arrow":6,"minecraft:gunpowder":16,"minecraft:andesite":1,"minecraft:spider_eye":6,"minecraft:brick":69,"minecraft:egg":1},"minecraft:picked_up":{"minecraft:crafting_table":6,"minecraft:chicken":8,"minecraft:potion":4,"minecraft:brick":69,"minecraft:wind_charge":26,"minecraft:string":100,"minecraft:flow_banner_pattern":1,"minecraft:raw_copper":3,"minecraft:cobbled_deepslate":281,"minecraft:beef":31,"minecraft:trial_key":9,"minecraft:light_gray_wool":1,"minecraft:egg":3,"minecraft:raw_copper_block":1,"minecraft:furnace":5,"minecraft:tipped_arrow":14,"minecraft:raw_iron":50,"minecraft:torch":102,"minecraft:acacia_log":6,"minecraft:porkchop":2,"minecraft:diorite":12,"minecraft:redstone":40,"minecraft:arrow":74,"minecraft:rotten_flesh":1,"minecraft:mutton":9,"minecraft:white_wool":5,"minecraft:cobblestone":189,"minecraft:birch_log":37,"minecraft:cooked_beef":11,"minecraft:feather":3,"minecraft:lilac":2,"minecraft:golden_carrot":5,"minecraft:andesite":15,"minecraft:leather":22,"minecraft:red_mushroom":1,"minecraft:flint":6,"minecraft:tuff":30,"minecraft:oak_log":4,"minecraft:gunpowder":16,"minecraft:lapis_lazuli":62,"minecraft:bone":18,"minecraft:bow":2,"minecraft:iron_ingot":2,"minecraft:cooked_chicken":2,"minecraft:glass_bottle":1,"minecraft:scaffolding":9,"minecraft:emerald_block":1,"minecraft:birch_boat":2,"minecraft:gravel":17,"minecraft:diamond_block":2,"minecraft:polished_tuff":2,"minecraft:spider_eye":19,"minecraft:diamond":56,"minecraft:breeze_rod":3,"minecraft:emerald":15,"minecraft:bread":3,"minecraft:music_disc_precipice":1,"minecraft:baked_potato":2,"minecraft:coal":61,"minecraft:ominous_trial_key":2,"minecraft:ender_pearl":4},"minecraft:crafted":{"minecraft:birch_boat":1,"minecraft:furnace":2,"minecraft:cooked_mutton":9,"minecraft:diamond":9,"minecraft:diamond_helmet":1,"minecraft:iron_boots":1,"minecraft:raw_copper":9,"minecraft:stone_pickaxe":2,"minecraft:birch_door":3,"minecraft:cooked_beef":24,"minecraft:cooked_porkchop":2,"minecraft:diamond_axe":1,"minecraft:crafting_table":4,"minecraft:wooden_pickaxe":1,"minecraft:iron_helmet":1,"minecraft:iron_sword":1,"minecraft:birch_planks":60,"minecraft:stone_axe":1,"minecraft:air":0,"minecraft:iron_chestplate":1,"minecraft:shield":1,"minecraft:stick":36,"minecraft:iron_ingot":48,"minecraft:iron_pickaxe":2,"minecraft:iron_leggings":1,"minecraft:acacia_planks":24,"minecraft:torch":60},"minecraft:killed":{"minecraft:cave_spider":40,"minecraft:spider":30,"minecraft:skeleton":20,"minecraft:chicken":4,"minecraft:pig":1,"minecraft:sheep":6,"minecraft:zombie":3,"minecraft:breeze":2,"minecraft:cow":15}},"DataVersion":3953}