{"stats":{"minecraft:picked_up":{"minecraft:oak_log":5,"minecraft:dirt":3,"minecraft:cobblestone":79},"minecraft:custom":{"minecraft:time_since_rest":10334,"minecraft:open_chest":5,"minecraft:interact_with_furnace":1,"minecraft:play_time":10334,"minecraft:sprint_one_cm":2847,"minecraft:damage_taken":46,"minecraft:walk_one_cm":12484,"minecraft:sneak_time":10,"minecraft:walk_under_water_one_cm":2895,"minecraft:jump":50,"minecraft:damage_dealt":10,"minecraft:leave_game":1,"minecraft:walk_on_water_one_cm":2297,"minecraft:time_since_death":10334,"minecraft:total_world_time":10334,"minecraft:swim_one_cm":11294,"minecraft:interact_with_crafting_table":1,"minecraft:fall_one_cm":478,"minecraft:fly_one_cm":8498},"minecraft:used":{"minecraft:stone_axe":5,"minecraft:dirt":2,"minecraft:stone_pickaxe":80,"minecraft:bucket":1,"minecraft:axolotl_bucket":1},"minecraft:mined":{"minecraft:grass_block":1,"minecraft:oak_log":5,"minecraft:chest":5,"minecraft:dirt":2,"minecraft:stone":80,"minecraft:oak_leaves":3},"minecraft:crafted":{"minecraft:oak_planks":20,"minecraft:stone_axe":1,"minecraft:stick":4,"minecraft:stone_pickaxe":1}},"DataVersion":3955}