{"stats":{"minecraft:broken":{"minecraft:stone_pickaxe":1},"minecraft:picked_up":{"minecraft:raw_iron":57,"minecraft:crafting_table":2,"minecraft:oak_log":5,"minecraft:shield":1,"minecraft:dirt":3,"minecraft:cooked_mutton":3,"minecraft:rotten_flesh":1,"minecraft:stone_axe":1,"minecraft:iron_ingot":12,"minecraft:granite":5,"minecraft:iron_pickaxe":1,"minecraft:mutton":7,"minecraft:iron_sword":1,"minecraft:coal":63,"minecraft:cobblestone":177,"minecraft:furnace":2},"minecraft:custom":{"minecraft:time_since_rest":22334,"minecraft:interact_with_furnace":9,"minecraft:sprint_one_cm":6415,"minecraft:damage_taken":121,"minecraft:walk_one_cm":47975,"minecraft:mob_kills":2,"minecraft:drop":9,"minecraft:damage_dealt":435,"minecraft:player_kills":1,"minecraft:swim_one_cm":11294,"minecraft:interact_with_crafting_table":6,"minecraft:fly_one_cm":9553,"minecraft:open_chest":6,"minecraft:crouch_one_cm":1084,"minecraft:play_time":22334,"minecraft:sneak_time":359,"minecraft:walk_under_water_one_cm":2895,"minecraft:jump":121,"minecraft:leave_game":1,"minecraft:time_since_death":22334,"minecraft:walk_on_water_one_cm":2297,"minecraft:total_world_time":22334,"minecraft:fall_one_cm":1221},"minecraft:killed":{"minecraft:zombie":2},"minecraft:used":{"minecraft:cooked_mutton":1,"minecraft:stone_pickaxe":162,"minecraft:iron_pickaxe":97,"minecraft:iron_sword":1,"minecraft:stone_axe":19,"minecraft:dirt":2,"minecraft:crafting_table":2,"minecraft:furnace":2,"minecraft:bucket":1,"minecraft:axolotl_bucket":1},"minecraft:mined":{"minecraft:furnace":2,"minecraft:iron_ore":38,"minecraft:crafting_table":2,"minecraft:granite":5,"minecraft:oak_log":5,"minecraft:grass_block":1,"minecraft:coal_ore":37,"minecraft:chest":5,"minecraft:dirt":2,"minecraft:stone":177,"minecraft:oak_leaves":3},"minecraft:dropped":{"minecraft:stone_axe":1,"minecraft:ominous_bottle":1,"minecraft:cobbled_deepslate":111,"minecraft:mutton":6,"minecraft:cobblestone":128,"minecraft:oak_planks":12,"minecraft:granite":5},"minecraft:crafted":{"minecraft:coal_block":1,"minecraft:oak_planks":20,"minecraft:crafting_table":1,"minecraft:stick":8,"minecraft:iron_pickaxe":1,"minecraft:iron_ingot":3,"minecraft:stone_pickaxe":2,"minecraft:furnace":1,"minecraft:stone_axe":1,"minecraft:cooked_mutton":2,"minecraft:air":0}},"DataVersion":3955}