{"minecraft:recipes/misc/iron_nugget_from_smelting":{"criteria":{"has_iron_sword":"2024-10-19 03:12:45 +0000"},"done":true},"minecraft:recipes/misc/charcoal":{"criteria":{"has_log":"2024-10-19 03:09:39 +0000"},"done":true},"minecraft:recipes/decorations/crafting_table":{"criteria":{"unlock_right_away":"2024-10-19 03:09:29 +0000"},"done":true},"minecraft:adventure/sleep_in_bed":{"criteria":{"slept_in_bed":"2024-10-19 03:11:46 +0000"},"done":true},"minecraft:adventure/root":{"criteria":{"killed_by_something":"2024-10-19 03:12:18 +0000"},"done":true},"minecraft:adventure/kill_all_mobs":{"criteria":{"minecraft:zombie":"2024-10-19 03:13:06 +0000"},"done":false},"minecraft:recipes/building_blocks/oak_planks":{"criteria":{"has_logs":"2024-10-19 03:09:39 +0000"},"done":true},"minecraft:recipes/misc/bone_meal":{"criteria":{"has_bone":"2024-10-19 03:13:12 +0000"},"done":true},"minecraft:recipes/misc/iron_nugget_from_blasting":{"criteria":{"has_iron_sword":"2024-10-19 03:12:45 +0000"},"done":true},"minecraft:adventure/kill_a_mob":{"criteria":{"minecraft:zombie":"2024-10-19 03:13:06 +0000"},"done":true},"minecraft:adventure/adventuring_time":{"criteria":{"minecraft:forest":"2024-10-19 03:09:30 +0000","minecraft:sparse_jungle":"2024-10-19 03:10:25 +0000","minecraft:bamboo_jungle":"2024-10-19 03:11:56 +0000"},"done":false},"minecraft:husbandry/balanced_diet":{"criteria":{"rotten_flesh":"2024-10-19 03:13:49 +0000"},"done":false},"minecraft:husbandry/root":{"criteria":{"consumed_item":"2024-10-19 03:13:49 +0000"},"done":true},"minecraft:recipes/building_blocks/oak_wood":{"criteria":{"has_log":"2024-10-19 03:09:39 +0000"},"done":true},"DataVersion":3955}